OWNER,VIEW_NAME,DEFINITION
ONEDATA_WA,CNCPT_CONC_DOM,"SELECT CNCPT_ADMIN_ITEM.CNCPT_ITEM_ID, CNCPT_ADMIN_ITEM.CNCPT_VER_NR, CNCPT_ADMIN_ITEM.ITEM_ID, CNCPT_ADMIN_ITEM.VER_NR, CNCPT_ADMIN_ITEM.CREAT_DT, CNCPT_ADMIN_ITEM.CREAT_USR_ID, CNCPT_ADMIN_ITEM.LST_UPD_USR_ID, CNCPT_ADMIN_ITEM.FLD_DELETE, CNCPT_ADMIN_ITEM.LST_DEL_DT, CNCPT_ADMIN_ITEM.S2P_TRN_DT, CNCPT_ADMIN_ITEM.LST_UPD_DT
       FROM CNCPT_ADMIN_ITEM
       WHERE  (ITEM_ID, VER_NR) in
	   (Select ITEM_ID, VER_NR from ADMIN_ITEM where ADMIN_ITEM_TYP_ID = 1)"
ONEDATA_WA,CNCPT_DEC,"SELECT CNCPT_ADMIN_ITEM.CNCPT_ITEM_ID, CNCPT_ADMIN_ITEM.CNCPT_VER_NR, CNCPT_ADMIN_ITEM.ITEM_ID, CNCPT_ADMIN_ITEM.VER_NR, CNCPT_ADMIN_ITEM.CREAT_DT, CNCPT_ADMIN_ITEM.CREAT_USR_ID, CNCPT_ADMIN_ITEM.LST_UPD_USR_ID, CNCPT_ADMIN_ITEM.FLD_DELETE, CNCPT_ADMIN_ITEM.LST_DEL_DT, CNCPT_ADMIN_ITEM.S2P_TRN_DT, CNCPT_ADMIN_ITEM.LST_UPD_DT
       FROM CNCPT_ADMIN_ITEM
       WHERE  (ITEM_ID, VER_NR) in
	   (Select ITEM_ID, VER_NR from ADMIN_ITEM where ADMIN_ITEM_TYP_ID = 2)"
ONEDATA_WA,CNCPT_OBJ_CLS,"SELECT CNCPT_ADMIN_ITEM.CNCPT_ITEM_ID, CNCPT_ADMIN_ITEM.CNCPT_VER_NR, CNCPT_ADMIN_ITEM.ITEM_ID, CNCPT_ADMIN_ITEM.VER_NR, CNCPT_ADMIN_ITEM.CREAT_DT, CNCPT_ADMIN_ITEM.CREAT_USR_ID, CNCPT_ADMIN_ITEM.LST_UPD_USR_ID, CNCPT_ADMIN_ITEM.FLD_DELETE, CNCPT_ADMIN_ITEM.LST_DEL_DT, CNCPT_ADMIN_ITEM.S2P_TRN_DT, CNCPT_ADMIN_ITEM.LST_UPD_DT
       FROM CNCPT_ADMIN_ITEM
       WHERE  (ITEM_ID, VER_NR) in
	   (Select ITEM_ID, VER_NR from ADMIN_ITEM where ADMIN_ITEM_TYP_ID = 5)"
ONEDATA_WA,CNCPT_PROP,"SELECT CNCPT_ADMIN_ITEM.CNCPT_ITEM_ID, CNCPT_ADMIN_ITEM.CNCPT_VER_NR, CNCPT_ADMIN_ITEM.ITEM_ID, CNCPT_ADMIN_ITEM.VER_NR, CNCPT_ADMIN_ITEM.CREAT_DT, CNCPT_ADMIN_ITEM.CREAT_USR_ID, CNCPT_ADMIN_ITEM.LST_UPD_USR_ID, CNCPT_ADMIN_ITEM.FLD_DELETE, CNCPT_ADMIN_ITEM.LST_DEL_DT, CNCPT_ADMIN_ITEM.S2P_TRN_DT, CNCPT_ADMIN_ITEM.LST_UPD_DT
       FROM CNCPT_ADMIN_ITEM
       WHERE  (ITEM_ID, VER_NR) in
	   (Select ITEM_ID, VER_NR from ADMIN_ITEM where ADMIN_ITEM_TYP_ID = 6)"
ONEDATA_WA,VW_ADMIN_ITEM,"SELECT ADMIN_ITEM.ITEM_ID, ADMIN_ITEM.VER_NR, ADMIN_ITEM.ITEM_NM, ADMIN_ITEM.ITEM_LONG_NM, ADMIN_ITEM.ITEM_DESC, ADMIN_ITEM.CLSFCTN_SCHM_ID, ADMIN_ITEM.CNTXT_ITEM_ID, ADMIN_ITEM.CNTXT_VER_NR, ADMIN_ITEM.ADMIN_NOTES, ADMIN_ITEM.CHNG_DESC_TXT, ADMIN_ITEM.CREATION_DT, ADMIN_ITEM.EFF_DT, ADMIN_ITEM.ORIGIN, ADMIN_ITEM.UNRSLVD_ISSUE, ADMIN_ITEM.UNTL_DT, ADMIN_ITEM.DATA_ID_STR, ADMIN_ITEM.CLSFCTN_SCHM_VER_NR, ADMIN_ITEM.ADMIN_ITEM_TYP_ID, ADMIN_ITEM.CURRNT_VER_IND, ADMIN_ITEM.REGSTR_STUS_ID, ADMIN_ITEM.ADMIN_STUS_ID, ADMIN_ITEM.STEWRD_CNTCT_ID, ADMIN_ITEM.SUBMT_CNTCT_ID, ADMIN_ITEM.REGISTRR_CNTCT_ID, ADMIN_ITEM.CREAT_DT, ADMIN_ITEM.CREAT_USR_ID, ADMIN_ITEM.LST_UPD_USR_ID, ADMIN_ITEM.FLD_DELETE, ADMIN_ITEM.LST_DEL_DT, ADMIN_ITEM.S2P_TRN_DT, ADMIN_ITEM.LST_UPD_DT, ADMIN_ITEM.LEGCY_CD, ADMIN_ITEM.CASE_FILE_ID, ADMIN_ITEM.STEWRD_ORG_ID, ADMIN_ITEM.SUBMT_ORG_ID, ADMIN_ITEM.REGSTR_AUTH_ID, ADMIN_ITEM.BTCH_NR
       FROM ADMIN_ITEM"
ONEDATA_WA,VW_ADMIN_ITEM_GLBL,"SELECT ADMIN_ITEM.ITEM_ID, ADMIN_ITEM.VER_NR, ADMIN_ITEM.ITEM_NM, ADMIN_ITEM.ITEM_LONG_NM, ADMIN_ITEM.ITEM_DESC, ADMIN_ITEM.CNTXT_ITEM_ID, ADMIN_ITEM.CNTXT_VER_NR, ADMIN_ITEM.CREATION_DT, ADMIN_ITEM.EFF_DT, ADMIN_ITEM.ORIGIN, ADMIN_ITEM.UNTL_DT, ADMIN_ITEM.DATA_ID_STR, ADMIN_ITEM.CLSFCTN_SCHM_VER_NR, ADMIN_ITEM.ADMIN_ITEM_TYP_ID, ADMIN_ITEM.CURRNT_VER_IND, ADMIN_ITEM.REGSTR_STUS_ID, ADMIN_ITEM.ADMIN_STUS_ID, ADMIN_ITEM.STEWRD_ORG_ID, ADMIN_ITEM.SUBMT_ORG_ID, ADMIN_ITEM.STEWRD_CNTCT_ID, ADMIN_ITEM.SUBMT_CNTCT_ID, ADMIN_ITEM.REGISTRR_CNTCT_ID, ADMIN_ITEM.CREAT_DT, ADMIN_ITEM.CREAT_USR_ID, ADMIN_ITEM.LST_UPD_USR_ID, ADMIN_ITEM.FLD_DELETE, ADMIN_ITEM.LST_DEL_DT, ADMIN_ITEM.S2P_TRN_DT, ADMIN_ITEM.LST_UPD_DT, ADMIN_ITEM.LEGCY_CD, ADMIN_ITEM.CASE_FILE_ID, ADMIN_ITEM.REGSTR_AUTH_ID, ADMIN_ITEM.BTCH_NR, ADMIN_ITEM.ALT_KEY, ADMIN_ITEM.ITEM_NM || ' (' || ADMIN_ITEM.ALT_KEY || ')', ADMIN_ITEM.ITEM_NM || ' (' || CNTXT.ITEM_NM ||
 ' /  Ver: ' || ADMIN_ITEM.VER_NR || ')', CNTXT.ITEM_NM, ADMIN_ITEM.ITEM_NM || ' (Ver: ' || ADMIN_ITEM.VER_NR || ')', ADMIN_ITEM.ITEM_NM || ' (' || ADMIN_ITEM.ALT_KEY || '/' || OBJ_KEY_DESC || ')'
       FROM ADMIN_ITEM, ADMIN_ITEM CNTXT, OBJ_KEY
       WHERE ADMIN_ITEM.CNTXT_ITEM_ID = CNTXT.ITEM_ID (+)
and ADMIN_ITEM.CNTXT_VER_NR = CNTXT.VER_NR (+)
and ADMIN_ITEM.ADMIN_ITEM_TYP_ID = OBJ_KEY.OBJ_KEY_ID"
ONEDATA_WA,VW_ADMIN_STUS,"SELECT ""STUS_ID"",""STUS_NM"",""STUS_DESC"",""STUS_TYP_ID"",""CREAT_DT"",""CREAT_USR_ID"",""LST_UPD_USR_ID"",""FLD_DELETE"",""LST_DEL_DT"",""S2P_TRN_DT"",""LST_UPD_DT"",""STUS_MSK"",""STUS_ACRO"",""NCI_STUS"",""NCI_CMNTS"",""NCI_DISP_ORDR""
       FROM STUS_MSTR
       WHERE STUS_TYP_ID = 2"
ONEDATA_WA,VW_ADMIN_STUS_RUL,"SELECT REGIST_RUL.FROM_STUS_ID, REGIST_RUL.TO_STUS_ID, REGIST_RUL.REQ_COL_DESC, REGIST_RUL.CREAT_DT, REGIST_RUL.CREAT_USR_ID, REGIST_RUL.LST_UPD_USR_ID, REGIST_RUL.FLD_DELETE, REGIST_RUL.LST_DEL_DT, REGIST_RUL.S2P_TRN_DT, REGIST_RUL.LST_UPD_DT, REGIST_RUL.REGIST_RUL_ID, REGIST_RUL.USR_GRP_ID, REGIST_RUL.STUS_TYP_ID
       FROM REGIST_RUL
       WHERE stus_typ_Id = 2"
ONEDATA_WA,VW_AI_CSI,"SELECT ADMIN_ITEM_CLSFCTN_SCHM_ITEM.ITEM_ID, ADMIN_ITEM_CLSFCTN_SCHM_ITEM.VER_NR, ADMIN_ITEM_CLSFCTN_SCHM_ITEM.CLSFCTN_SCHM_ITEM_ID, ADMIN_ITEM_CLSFCTN_SCHM_ITEM.CREAT_DT, ADMIN_ITEM_CLSFCTN_SCHM_ITEM.CREAT_USR_ID, ADMIN_ITEM_CLSFCTN_SCHM_ITEM.LST_UPD_USR_ID, ADMIN_ITEM_CLSFCTN_SCHM_ITEM.FLD_DELETE, ADMIN_ITEM_CLSFCTN_SCHM_ITEM.LST_DEL_DT, ADMIN_ITEM_CLSFCTN_SCHM_ITEM.S2P_TRN_DT, ADMIN_ITEM_CLSFCTN_SCHM_ITEM.LST_UPD_DT
       FROM ADMIN_ITEM_CLSFCTN_SCHM_ITEM"
ONEDATA_WA,VW_ALT_NMS,"SELECT ALT_NMS.NM_ID, ALT_NMS.ITEM_ID, ALT_NMS.VER_NR, ALT_NMS.CNTXT_ITEM_ID, ALT_NMS.CNTXT_VER_NR, ALT_NMS.NM_DESC, ALT_NMS.PREF_NM_IND, ALT_NMS.LANG_ID, ALT_NMS.CREAT_DT, ALT_NMS.CREAT_USR_ID, ALT_NMS.LST_UPD_USR_ID, ALT_NMS.FLD_DELETE, ALT_NMS.LST_DEL_DT, ALT_NMS.S2P_TRN_DT, ALT_NMS.LST_UPD_DT, ALT_NMS.NM_TYP_ID
       FROM ALT_NMS"
ONEDATA_WA,VW_CD_PSV_CNSTRNT,"SELECT CONC_DOM.VER_NR, CONC_DOM.ITEM_ID, CONC_DOM.DIMNSNLTY, CONC_DOM.CONC_DOM_TYP_ID, CONC_DOM.CREAT_DT, CONC_DOM.CREAT_USR_ID, CONC_DOM.LST_UPD_USR_ID, CONC_DOM.FLD_DELETE, CONC_DOM.LST_DEL_DT, CONC_DOM.S2P_TRN_DT, CONC_DOM.LST_UPD_DT
       FROM CONC_DOM"
ONEDATA_WA,VW_CHAR_SET,"SELECT CHAR_SET.CHAR_SET_ID, CHAR_SET.CHAR_SET_NM, CHAR_SET.CHAR_SET_DESC, CHAR_SET.CREAT_DT, CHAR_SET.CREAT_USR_ID, CHAR_SET.LST_UPD_USR_ID, CHAR_SET.FLD_DELETE, CHAR_SET.LST_DEL_DT, CHAR_SET.S2P_TRN_DT, CHAR_SET.LST_UPD_DT, CHAR_SET.CHAR_SET_NM || ': ' || CHAR_SET.CHAR_SET_DESC
       FROM CHAR_SET"
ONEDATA_WA,VW_CMNTS,"SELECT REF.REF_ID, REF.ITEM_ID, REF.VER_NR, REF.REF_NM, REF.CREAT_DT, REF.CREAT_USR_ID, REF.LST_UPD_USR_ID, REF.FLD_DELETE, REF.LST_DEL_DT, REF.S2P_TRN_DT, REF.LST_UPD_DT, REF.REF_DESC, REF.REF_TYP_ID, REF.DISP_ORD, REF.LANG_ID
       FROM REF
       WHERE REF_TYP_ID = 44"
ONEDATA_WA,VW_CNCPT_CHLDRN,"select a.ITEM_NM, a.ITEM_DESC, a.CREAT_DT, a.CREAT_USR_ID, a.FLD_DELETE, a.LST_DEL_DT, a.LST_UPD_DT, a.LST_UPD_USR_ID, a.S2P_TRN_DT,
 t.OBJ_KEY_DESC ITEM_TYPE, b.ITEM_NM CHILD_NM
from ADMIN_ITEM a, CNCPT_ADMIN_ITEM c, ADMIN_ITEM b, OBJ_KEY t
where a.ADMIN_ITEM_TYP_ID = 49 and a.ITEM_ID = c.CNCPT_ITEM_ID and a.VER_NR = c.CNCPT_VER_NR
and c.ITEM_ID = b.ITEM_ID and c.VER_NR = b.VER_NR and b.ADMIN_ITEM_TYP_ID = t.OBJ_KEY_ID
union
select a.ITEM_NM, a.ITEM_DESC, a.CREAT_DT, a.CREAT_USR_ID, a.FLD_DELETE, a.LST_DEL_DT, a.LST_UPD_DT, a.LST_UPD_USR_ID, a.S2P_TRN_DT,
'Value Meaning' ITEM_TYPE, b.VAL_MEAN_DESC
from ADMIN_ITEM a, CNCPT_VAL_MEAN c, VAL_MEAN b
where a.ADMIN_ITEM_TYP_ID = 49 and a.ITEM_ID = c.CNCPT_ITEM_ID and a.VER_NR = c.CNCPT_VER_NR
and c.VAL_MEAN_ID = b.VAL_MEAN_ID
union
select a.ITEM_NM, a.ITEM_DESC, a.CREAT_DT, a.CREAT_USR_ID, a.FLD_DELETE, a.LST_DEL_DT, a.LST_UPD_DT, a.LST_UPD_USR_ID, a.S2P_TRN_DT,
'Classification Scheme Item' ITEM_TYPE, b.CLSFCTN_SCHM_ITEM_NM
from ADMIN_ITEM a, CNCPT_CSI c, CLSFCTN_SCHM_ITEM b
where a.ADMIN_ITEM_TYP_ID = 49 and a.ITEM_ID = c.CNCPT_ITEM_ID and a.VER_NR = c.CNCPT_VER_NR
and c.CLSFCTN_SCHM_ITEM_ID = b.CLSFCTN_SCHM_ITEM_ID"
ONEDATA_WA,VW_CNTCT,"SELECT CNTCT.CNTCT_ID, CNTCT.CNTCT_SECU_ID, CNTCT.CNTCT_NM, CNTCT.CNTCT_TTL, CNTCT.CNTCT_REGSTRR_IND, CNTCT.CREAT_DT, CNTCT.CREAT_USR_ID, CNTCT.LST_UPD_USR_ID, CNTCT.FLD_DELETE, CNTCT.LST_DEL_DT, CNTCT.S2P_TRN_DT, CNTCT.LST_UPD_DT
       FROM CNTCT"
ONEDATA_WA,VW_CSI_NODE_DEC_REL,"select ak.NCI_PUB_ID, ak.NCI_VER_NR, ak.CREAT_DT, ak.CREAT_USR_ID, ak.LST_UPD_USR_ID, ak.LST_UPD_DT, ak.S2P_TRN_DT, ak.LST_DEL_DT, ak.FLD_DELETE,
ai.ITEM_NM, ai.ITEM_LONG_NM, ai.ITEM_ID, ai.VER_NR, ai.ITEM_DESC
from NCI_ALT_KEY_ADMIN_ITEM_REL ak, ADMIN_ITEM ai
where ak.C_ITEM_ID  = ai.ITEM_ID and ak.C_ITEM_VER_NR  = ai.VER_NR and ai.ADMIN_ITEM_TYP_ID = 2"
ONEDATA_WA,VW_CSI_NODE_DE_REL,"select ak.NCI_PUB_ID, ak.NCI_VER_NR, ak.CREAT_DT, ak.CREAT_USR_ID, ak.LST_UPD_USR_ID, ak.LST_UPD_DT, ak.S2P_TRN_DT, ak.LST_DEL_DT, ak.FLD_DELETE,
ai.ITEM_NM, ai.ITEM_LONG_NM, ai.ITEM_ID, ai.VER_NR, ai.ITEM_DESC
from NCI_ALT_KEY_ADMIN_ITEM_REL ak, ADMIN_ITEM ai
where ak.C_ITEM_ID  = ai.ITEM_ID and ak.C_ITEM_VER_NR  = ai.VER_NR and ai.ADMIN_ITEM_TYP_ID = 4"
ONEDATA_WA,VW_CSI_NODE_FORM_REL,"select ak.NCI_PUB_ID, ak.NCI_VER_NR, ak.CREAT_DT, ak.CREAT_USR_ID, ak.LST_UPD_USR_ID, ak.LST_UPD_DT, ak.S2P_TRN_DT, ak.LST_DEL_DT, ak.FLD_DELETE,
ai.ITEM_NM, ai.ITEM_LONG_NM, ai.ITEM_ID, ai.VER_NR, ai.ITEM_DESC
from NCI_ALT_KEY_ADMIN_ITEM_REL ak, ADMIN_ITEM ai
where ak.C_ITEM_ID  = ai.ITEM_ID and ak.C_ITEM_VER_NR  = ai.VER_NR and ai.ADMIN_ITEM_TYP_ID = 54"
ONEDATA_WA,VW_CSI_NODE_VD_REL,"select ak.NCI_PUB_ID, ak.NCI_VER_NR, ak.CREAT_DT, ak.CREAT_USR_ID, ak.LST_UPD_USR_ID, ak.LST_UPD_DT, ak.S2P_TRN_DT, ak.LST_DEL_DT, ak.FLD_DELETE,
ai.ITEM_NM, ai.ITEM_LONG_NM, ai.ITEM_ID, ai.VER_NR, ai.ITEM_DESC
from NCI_ALT_KEY_ADMIN_ITEM_REL ak, ADMIN_ITEM ai
where ak.C_ITEM_ID  = ai.ITEM_ID and ak.C_ITEM_VER_NR  = ai.VER_NR and ai.ADMIN_ITEM_TYP_ID = 3"
ONEDATA_WA,VW_DATA_ELEM_RPT,"SELECT ADMIN_ITEM.ITEM_ID, ADMIN_ITEM.DATA_ID_STR, ADMIN_ITEM.VER_NR, ADMIN_ITEM.CNTXT_ITEM_ID, ADMIN_ITEM.CNTXT_VER_NR, ADMIN_ITEM.ITEM_NM, ADMIN_ITEM.ITEM_DESC,
VALUE_DOM.DTTYPE_ID, VALUE_DOM.CHAR_SET_ID, VALUE_DOM.VAL_DOM_FMT_ID, VALUE_DOM.UOM_ID, DE.DE_PREC, VALUE_DOM.VAL_DOM_MIN_CHAR,  VALUE_DOM.VAL_DOM_MAX_CHAR,
 VALUE_DOM.VAL_DOM_LOW_VAL_NUM , VALUE_DOM.VAL_DOM_HIGH_VAL_NUM, ADMIN_ITEM.ADMIN_ITEM_TYP_ID, ADMIN_ITEM.EFF_DT, ADMIN_ITEM.UNTL_DT, ADMIN_ITEM.CREAT_DT,
ADMIN_ITEM.LST_UPD_DT, ADMIN_ITEM.S2P_TRN_DT, ADMIN_ITEM.LST_DEL_DT, ADMIN_ITEM.FLD_DELETE, ADMIN_ITEM.LST_UPD_USR_ID, ADMIN_ITEM.CREAT_USR_ID,
ADMIN_ITEM.ADMIN_STUS_ID, ADMIN_ITEM.CURRNT_VER_IND, ADMIN_ITEM.LEGCY_CD, VALUE_DOM.VAL_DOM_TYP_ID, ADMIN_ITEM.ITEM_LONG_NM, ADMIN_ITEM.REGSTR_STUS_ID,
VALUE_DOM.NON_ENUM_VAL_DOM_DESC, ADMIN_ITEM.CHNG_DESC_TXT, ADMIN_ITEM.ORIGIN, ADMIN_ITEM.CASE_FILE_ID,  ADMIN_ITEM.STEWRD_ORG_ID, ADMIN_ITEM.SUBMT_ORG_ID,
ADMIN_ITEM.REGSTR_AUTH_ID, ADMIN_ITEM.STEWRD_CNTCT_ID, ADMIN_ITEM.SUBMT_CNTCT_ID, ADMIN_ITEM.REGISTRR_CNTCT_ID,
DE.DERV_DE_IND, DE.DERV_RUL_ITEM_ID, De.DERV_RUL_VER_NR,
 VALUE_DOM.ITEM_ID VAL_DOM_ITEM_ID, VALUE_DOM.VER_NR VAL_DOM_VER_NR
       FROM DE, VALUE_DOM, ADMIN_ITEM
       WHERE ADMIN_ITEM.ADMIN_ITEM_TYP_ID = 4
and ADMIN_ITEM.ITEM_ID = DE.ITEM_ID
and ADMIN_ITEM.VER_NR = DE.VER_NR
and DE.VAL_DOM_ITEM_ID = VALUE_DOM.ITEM_ID
and DE.VAL_DOM_VER_NR = VALUE_DOM.VER_NR"
ONEDATA_WA,VW_DATA_TYP,"SELECT DATA_TYP.DTTYPE_ID, DATA_TYP.DTTYPE_ANNTTN, DATA_TYP.DTTYPE_DESC, DATA_TYP.DTTYPE_NM, DATA_TYP.DTTYPE_SCHM_REF, DATA_TYP.CREAT_DT, DATA_TYP.CREAT_USR_ID, DATA_TYP.LST_UPD_USR_ID, DATA_TYP.FLD_DELETE, DATA_TYP.LST_DEL_DT, DATA_TYP.S2P_TRN_DT, DATA_TYP.LST_UPD_DT, DATA_TYP.DTTYPE_NM || ': ' || DATA_TYP.DTTYPE_DESC
       FROM DATA_TYP"
ONEDATA_WA,VW_DE,"SELECT ADMIN_ITEM.ITEM_ID, ADMIN_ITEM.VER_NR, ADMIN_ITEM.ITEM_NM,
ADMIN_ITEM.ITEM_LONG_NM, ADMIN_ITEM.ITEM_DESC, ADMIN_ITEM.CNTXT_NM_DN,
ADMIN_ITEM.CURRNT_VER_IND, ADMIN_ITEM.REGSTR_STUS_NM_DN, ADMIN_ITEM.ADMIN_STUS_NM_DN,
 DE.DE_CONC_VER_NR, DE.DE_CONC_ITEM_ID, DE.VAL_DOM_VER_NR, DE.VAL_DOM_ITEM_ID, DE.REP_CLS_VER_NR, DE.REP_CLS_ITEM_ID,
DE.CREAT_USR_ID, DE.LST_UPD_USR_ID, DE.FLD_DELETE, DE.LST_DEL_DT, DE.S2P_TRN_DT, DE.LST_UPD_DT, DE.CREAT_DT,
DE.PREF_QUEST_TXT, VALUE_DOM.NON_ENUM_VAL_DOM_DESC, VALUE_DOM.DTTYPE_ID, VAL_DOM_MAX_CHAR, VAL_DOM_TYP_ID, VALUE_DOM.UOM_ID,
VAL_DOM_MIN_CHAR, VAL_DOM_FMT_ID, CHAR_SET_ID, VAL_DOM_HIGH_VAL_NUM, VAL_DOM_LOW_VAL_NUM, FMT_NM, DTTYPE_NM, UOM_NM
   FROM ADMIN_ITEM, DE, VALUE_DOM, DATA_TYP, FMT, UOM
       WHERE ADMIN_ITEM.ADMIN_ITEM_TYP_ID = 4
AND DE.ITEM_ID = ADMIN_ITEM.ITEM_ID
and DE.VER_NR = ADMIN_ITEM.VER_NR
and DE.VAL_DOM_ITEM_ID = VALUE_DOM.ITEM_ID
and DE.VAL_DOM_VER_NR = VALUE_DOM.VER_NR
and VALUE_DOM.VAL_DOM_FMT_ID = FMT.FMT_ID (+)
and VALUE_DOM.DTTYPE_ID = DATA_TYP.DTTYPE_ID (+)
and VALUE_DOM.UOM_ID = UOM.UOM_ID (+)"
ONEDATA_WA,VW_DEC_MTCHG,"select ai_dec.item_id,
   ai_dec.ver_nr,
   ai_cd.ITEM_NM CD_ITEM_NM,
   ai_cd.ITEM_LONG_NM CD_ITEM_LONG_NM,
   ai_cd.ITEM_DESC CD_ITEM_DESC,
   ai_dec.ITEM_NM DEC_ITEM_NM,
   ai_dec.ITEM_LONG_NM DEC_ITEM_LONG_NM,
   ai_dec.ITEM_DESC DEC_ITEM_DESC,
   ai_dec.ITEM_NM || ' ' || ai_dec.ITEM_LONG_NM dec_concat_nm,
   ai_obj.ITEM_NM OBJ_ITEM_NM,
   ai_obj.ITEM_LONG_NM OBJ_ITEM_LONG_NM,
   ai_obj.ITEM_DESC OBJ_ITEM_DESC,
   ai_obj.ITEM_NM || ' ' || ai_obj.ITEM_LONG_NM obj_concat_nm,
   ai_prop.ITEM_NM PROP_ITEM_NM,
   ai_prop.ITEM_LONG_NM PROP_ITEM_LONG_NM,
   ai_prop.ITEM_DESC PROP_ITEM_DESC,
   ai_prop.ITEM_NM || ' ' || ai_prop.ITEM_LONG_NM prop_concat_nm,
   ai_dec.ITEM_NM || ai_dec.ITEM_LONG_NM || ai_obj.ITEM_NM || ai_obj.ITEM_LONG_NM || ai_prop.ITEM_NM || ai_prop.ITEM_LONG_NM all_concat_nm,
   ai_dec.CREAT_DT,
   ai_dec.LST_DEL_DT,
   ai_dec.LST_UPD_DT,
   ai_dec.FLD_DELETE,
   ai_dec.S2P_TRN_DT,
   ai_dec.LST_UPD_USR_ID,
   ai_dec.CREAT_USR_ID
from de_conc d,
 admin_item ai_dec,
 admin_item ai_obj,
 admin_item ai_prop,
 admin_item ai_cd
where  d.CONC_DOM_ITEM_ID = ai_cd.ITEM_ID
and d.CONC_DOM_VER_NR = ai_cd.VER_NR
 and d.OBJ_CLS_VER_NR = ai_obj.VER_NR
 and d.OBJ_CLS_item_id = ai_obj.item_id
 and d.ITEM_ID = ai_dec.ITEM_ID
 and d.VER_NR = ai_dec.ver_nr
 and ai_dec.CURRNT_VER_IND = 1
 and d.PROP_ITEM_ID = ai_prop.ITEM_ID
 and d.PROP_VER_NR = ai_prop.VER_NR"
ONEDATA_WA,VW_DERV_RUL,"SELECT ADMIN_ITEM.ITEM_ID, ADMIN_ITEM.VER_NR, ADMIN_ITEM.LST_UPD_DT, ADMIN_ITEM.S2P_TRN_DT, ADMIN_ITEM.LST_DEL_DT, ADMIN_ITEM.FLD_DELETE, ADMIN_ITEM.LST_UPD_USR_ID, ADMIN_ITEM.CREAT_USR_ID, ADMIN_ITEM.CREAT_DT, ADMIN_ITEM.ITEM_NM, ADMIN_ITEM.ITEM_LONG_NM, ADMIN_ITEM.ITEM_DESC, ADMIN_ITEM.DATA_ID_STR, ADMIN_ITEM.CLSFCTN_SCHM_ID, ADMIN_ITEM.CNTXT_ITEM_ID, ADMIN_ITEM.CNTXT_VER_NR, ADMIN_ITEM.ADMIN_NOTES, ADMIN_ITEM.CHNG_DESC_TXT, ADMIN_ITEM.CREATION_DT, ADMIN_ITEM.EFF_DT, ADMIN_ITEM.ORIGIN, ADMIN_ITEM.UNRSLVD_ISSUE, ADMIN_ITEM.UNTL_DT, ADMIN_ITEM.CLSFCTN_SCHM_VER_NR, ADMIN_ITEM.ADMIN_ITEM_TYP_ID, ADMIN_ITEM.CURRNT_VER_IND, ADMIN_ITEM.REGSTR_STUS_ID, ADMIN_ITEM.ADMIN_STUS_ID, ADMIN_ITEM.STEWRD_ORG_ID, ADMIN_ITEM.SUBMT_ORG_ID, ADMIN_ITEM.STEWRD_CNTCT_ID, ADMIN_ITEM.SUBMT_CNTCT_ID, ADMIN_ITEM.REGISTRR_CNTCT_ID, ADMIN_ITEM.LEGCY_CD, ADMIN_ITEM.CASE_FILE_ID, ADMIN_ITEM.REGSTR_AUTH_ID, ADMIN_ITEM.BTCH_NR, ADMIN_ITEM.ALT_KEY,  '[' || nvl(STUS_MSTR.STUS_ACRO,STUS_MSTR.STUS_NM) || '] ' || CNTXT.CNTXT_ACRO || ' : ' ||
ADMIN_ITEM.ITEM_NM || ' - ' || ADMIN_ITEM.VER_NR
       FROM ADMIN_ITEM, CNTXT, STUS_MSTR
       WHERE ADMIN_ITEM.ADMIN_ITEM_TYP_ID = 10
and ADMIN_ITEM.CNTXT_ITEM_ID = CNTXT.ITEM_ID(+)
and ADMIN_ITEM.CNTXT_VER_NR = CNTXT.VER_NR(+)
and ADMIN_ITEM.REGSTR_STUS_ID=STUS_MSTR.STUS_ID(+)"
ONEDATA_WA,VW_DE_CONC,"SELECT DE_CONC.LST_UPD_DT, DE_CONC.S2P_TRN_DT, DE_CONC.LST_DEL_DT, DE_CONC.FLD_DELETE, DE_CONC.LST_UPD_USR_ID, DE_CONC.CREAT_USR_ID, DE_CONC.CREAT_DT,
DE_CONC.OBJ_CLS_VER_NR, DE_CONC.OBJ_CLS_ITEM_ID, DE_CONC.PROP_ITEM_ID, DE_CONC.PROP_VER_NR, DE_CONC.CONC_DOM_ITEM_ID, DE_CONC.CONC_DOM_VER_NR,
ADMIN_ITEM.ITEM_ID,
ADMIN_ITEM.VER_NR, ADMIN_ITEM.ITEM_NM, ADMIN_ITEM.ITEM_LONG_NM,
ADMIN_ITEM.ITEM_DESC, ADMIN_ITEM.CNTXT_ITEM_ID, ADMIN_ITEM.CNTXT_VER_NR, ADMIN_ITEM.ADMIN_NOTES,
 ADMIN_ITEM.CHNG_DESC_TXT, ADMIN_ITEM.CREATION_DT, ADMIN_ITEM.EFF_DT, ADMIN_ITEM.DATA_ID_STR, ADMIN_ITEM.ADMIN_ITEM_TYP_ID,
ADMIN_ITEM.CURRNT_VER_IND, ADMIN_ITEM.REGSTR_STUS_ID, ADMIN_ITEM.ADMIN_STUS_ID
FROM ADMIN_ITEM, DE_CONC
       WHERE ADMIN_ITEM.ADMIN_ITEM_TYP_ID=2
AND ADMIN_ITEM.ITEM_ID = DE_CONC.ITEM_ID
AND ADMIN_ITEM.VER_NR = DE_CONC.VER_NR"
ONEDATA_WA,VW_DE_HORT,"SELECT ADMIN_ITEM.ITEM_NM, ADMIN_ITEM.ITEM_DESC, ADMIN_ITEM.DATA_ID_STR, ADMIN_ITEM.VER_NR, ADMIN_ITEM.ITEM_ID, ADMIN_ITEM.LST_UPD_DT, ADMIN_ITEM.CREAT_DT, ADMIN_ITEM.CREAT_USR_ID, ADMIN_ITEM.EFF_DT, ADMIN_ITEM.CURRNT_VER_IND, ADMIN_ITEM.LST_UPD_USR_ID, ADMIN_ITEM.FLD_DELETE, ADMIN_ITEM.LST_DEL_DT, ADMIN_ITEM.S2P_TRN_DT, ADMIN_ITEM.REGSTR_STUS_ID, ADMIN_ITEM.ALT_KEY, ADMIN_ITEM.ADMIN_STUS_ID, ADMIN_ITEM.SUBMT_ORG_ID, ADMIN_ITEM.STEWRD_ORG_ID, ADMIN_ITEM.REGSTR_AUTH_ID, DE.DE_PREC, DE.DERV_DE_IND, VALUE_DOM.VAL_DOM_TYP_ID, VALUE_DOM.DTTYPE_ID, VALUE_DOM.VAL_DOM_FMT_ID, VALUE_DOM.UOM_ID, AI_VD.ITEM_NM, AI_VD.ALT_KEY, AI_DEC.ITEM_NM, AI_DEC.ALT_KEY, AI_CD.ITEM_NM, AI_CD.ALT_KEY, AI_OC.ITEM_NM, AI_OC.ALT_KEY, AI_CNTXT.ITEM_NM, AI_CNTXT.ALT_KEY, AI_PROP.ITEM_NM, AI_PROP.ALT_KEY
       FROM ADMIN_ITEM, DE, DE_CONC, VALUE_DOM, ADMIN_ITEM AI_VD, ADMIN_ITEM AI_DEC, ADMIN_ITEM AI_CD, ADMIN_ITEM AI_OC, ADMIN_ITEM AI_PROP, ADMIN_ITEM AI_CNTXT
       WHERE ADMIN_ITEM.ITEM_ID = DE.ITEM_ID
and ADMIN_ITEM.VER_NR = DE.VER_NR
and DE.VAL_DOM_ITEM_ID = VALUE_DOM.ITEM_ID
and DE.VAL_DOM_VER_NR = VALUE_DOM.VER_NR
and DE.DE_CONC_ITEM_ID = DE_CONC.ITEM_ID
and DE.DE_CONC_VER_NR = DE_CONC.VER_NR
and VALUE_DOM.CONC_DOM_ITEM_ID = AI_CD.ITEM_ID
and VALUE_DOM.CONC_DOM_VER_NR = AI_CD.VER_NR
and DE_CONC.OBJ_CLS_ITEM_ID = AI_OC.ITEM_ID
and DE_CONC.OBJ_CLS_VER_NR = AI_OC.VER_NR
and DE_CONC.PROP_ITEM_ID = AI_PROP.ITEM_ID
and DE_CONC.PROP_VER_NR = AI_PROP.VER_NR
and DE.VAL_DOM_ITEM_ID = AI_VD.ITEM_ID
and DE.VAL_DOM_VER_NR = AI_VD.VER_NR
and DE.DE_CONC_ITEM_ID = AI_DEC.ITEM_ID
and DE.DE_CONC_VER_NR = AI_DEC.VER_NR
and ADMIN_ITEM.CNTXT_ITEM_ID = AI_CNTXT.ITEM_ID
and ADMIN_ITEM.CNTXT_VER_NR = AI_CNTXT.VER_NR"
ONEDATA_WA,VW_DE_MTCHG,"select ai_d.item_id, ai_d.ver_nr, ai_d.ITEM_NM DE_ITEM_NM, ai_d.ITEM_LONG_NM DE_ITEM_LONG_NM, ai_d.ITEM_DESC DE_ITEM_DESC, ai_d.ITEM_NM || ' ' || ai_d.ITEM_LONG_NM de_concat_nm,
ai_dec.ITEM_NM DEC_ITEM_NM, ai_dec.ITEM_LONG_NM DEC_ITEM_LONG_NM, ai_dec.ITEM_DESC DEC_ITEM_DESC, ai_dec.ITEM_NM || ' ' || ai_dec.ITEM_LONG_NM dec_concat_nm,
ai_vd.ITEM_NM VD_ITEM_NM, ai_vd.ITEM_LONG_NM VD_ITEM_LONG_NM, ai_vd.ITEM_DESC VD_ITEM_DESC, ai_vd.ITEM_NM || ' ' || ai_vd.ITEM_LONG_NM Vd_concat_nm,
ai_d.ITEM_NM || ' ' || ai_d.ITEM_LONG_NM || ' ' || ai_dec.ITEM_NM || ' ' || ai_dec.ITEM_LONG_NM  all_concat_nm,
ai_d.CREAT_DT, ai_d.LST_DEL_DT, ai_d.LST_UPD_DT, ai_d.FLD_DELETE,
ai_d.S2P_TRN_DT, ai_d.LST_UPD_USR_ID, ai_d.CREAT_USR_ID, d.DICT_MTCH_TIPS_TXT
from de d, admin_item ai_d,admin_item ai_dec, admin_item ai_vd
where  d.DE_CONC_ITEM_ID = ai_dec.ITEM_ID and d.DE_CONC_VER_NR = ai_dec.VER_NR
and d.item_id = ai_d.item_id and d.VER_NR = ai_d.ver_nr and
ai_d.CURRNT_VER_IND = 1
and d.VAL_DOM_ITEM_ID = ai_vd.ITEM_ID and d.VAL_DOM_VER_NR = ai_vd.VER_NR"
ONEDATA_WA,VW_DE_REL,"SELECT DE_REL.PRMRY_VER_NR, DE_REL.SCNDRY_ITEM_ID, DE_REL.SCNDRY_VER_NR, DE_REL.PRMRY_ITEM_ID, DE_REL.DE_REL_TYP_ID, DE_REL.CREAT_DT, DE_REL.CREAT_USR_ID, DE_REL.LST_UPD_USR_ID, DE_REL.FLD_DELETE, DE_REL.LST_DEL_DT, DE_REL.S2P_TRN_DT, DE_REL.LST_UPD_DT, ADMIN_ITEM.ITEM_NM, ADMIN_ITEM.CNTXT_ITEM_ID, ADMIN_ITEM.CNTXT_VER_NR, ADMIN_ITEM.ITEM_ID, ADMIN_ITEM.VER_NR
       FROM DE_REL, ADMIN_ITEM
       WHERE DE_REl.SCNDRY_ITEM_ID = ADMIN_ITEM.ITEM_ID and
DE_REL.SCNDRY_VER_NR = ADMIN_ITEM.VER_NR"
ONEDATA_WA,VW_EXMPLS,"SELECT REF.REF_ID, REF.ITEM_ID, REF.VER_NR, REF.REF_NM, REF.CREAT_DT, REF.CREAT_USR_ID, REF.LST_UPD_USR_ID, REF.FLD_DELETE, REF.LST_DEL_DT, REF.S2P_TRN_DT, REF.LST_UPD_DT, REF.REF_DESC, REF.REF_TYP_ID, REF.DISP_ORD, REF.LANG_ID
       FROM REF
       WHERE REF_TYP_ID = 43"
ONEDATA_WA,VW_FORM,"select  ai.item_id, ai.ver_nr, ai.item_nm, ai.item_long_nm, ai.item_desc, ai.REGSTR_STUS_ID, ai.cntxt_item_id, ai.cntxt_ver_nr,
'FORM' admin_item_typ_nm, f.catgry_id, f.FORM_TYP_ID, ai.admin_stus_id, f.HDR_INSTR, f.FTR_INSTR, ai.REGSTR_STUS_NM_DN, ai.CNTXT_NM_DN, ai.ADMIN_STUS_NM_DN,
ai.CREAT_DT, ai.CREAT_USR_ID, ai.LST_UPD_USR_ID, ai.FLD_DELETE, ai.LST_DEL_DT, ai.S2P_TRN_DT, ai.LST_UPD_DT
from admin_item ai,  nci_form f where
 ai.item_id = f.item_id and ai.ver_nr = f.ver_nr"
ONEDATA_WA,VW_NCI_AI,"SELECT ADMIN_ITEM.ITEM_ID,
           ADMIN_ITEM.VER_NR,
           '.' || ADMIN_ITEM.ITEM_ID || '.'    ITEM_ID_STR,
           ADMIN_ITEM.CREAT_USR_ID,
           ADMIN_ITEM.LST_UPD_USR_ID,
           ADMIN_ITEM.FLD_DELETE,
           ADMIN_ITEM.LST_DEL_DT,
           ADMIN_ITEM.S2P_TRN_DT,
           ADMIN_ITEM.LST_UPD_DT,
           ADMIN_ITEM.CREAT_DT,
           SUBSTR (
                  ADMIN_ITEM.ITEM_LONG_NM
               || '||'
               || ADMIN_ITEM.ITEM_NM
               || '||'
               || ADMIN_ITEM.ITEM_DESC
               || '||'
               || REF_DESC,
               1,
               32766)                          SEARCH_STR
      FROM ADMIN_ITEM  ADMIN_ITEM,
           (  SELECT item_id,
                     ver_nr,
                     LISTAGG (ref_desc, '||')
                         WITHIN GROUP (ORDER BY OBJ_KEY_DESC DESC)    ref_desc
                FROM REF, OBJ_KEY
               WHERE     REF_TYP_ID = OBJ_KEY.OBJ_KEY_ID
                     AND LOWER (OBJ_KEY_DESC) LIKE '%question%'
            GROUP BY item_id, ver_nr) REF                                  --,
     WHERE     ADMIN_ITEM.ITEM_ID = REF.ITEM_ID
           AND ADMIN_ITEM.VER_NR = REF.VER_NR"
ONEDATA_WA,VW_NCI_AI_CURRNT,"select DATA_ID_STR,ITEM_ID,VER_NR,CLSFCTN_SCHM_ID,
ITEM_DESC,CNTXT_ITEM_ID,CNTXT_VER_NR,ITEM_LONG_NM,
ITEM_NM,ADMIN_NOTES,CHNG_DESC_TXT,CREATION_DT,EFF_DT,ORIGIN,
UNRSLVD_ISSUE,UNTL_DT,CLSFCTN_SCHM_VER_NR,ADMIN_ITEM_TYP_ID,CURRNT_VER_IND,
ADMIN_STUS_ID,REGSTR_STUS_ID,REGISTRR_CNTCT_ID,SUBMT_CNTCT_ID,STEWRD_CNTCT_ID,
SUBMT_ORG_ID,STEWRD_ORG_ID,CREAT_DT,CREAT_USR_ID,LST_UPD_USR_ID,FLD_DELETE,
LST_DEL_DT,S2P_TRN_DT,LST_UPD_DT,LEGCY_CD,CASE_FILE_ID,REGSTR_AUTH_ID,BTCH_NR,
ALT_KEY,ABAC_ATTR,NCI_IDSEQ,ADMIN_STUS_NM_DN,CNTXT_NM_DN,REGSTR_STUS_NM_DN,
ORIGIN_ID,ORIGIN_ID_DN,DEF_SRC from admin_item where ADMIN_ITEM.CURRNT_VER_IND = '1'"
ONEDATA_WA,VW_NCI_ALT_DEF,"SELECT ALT_DEF.DEF_ID, 'CDE' ALT_DEF_LVL, DE_AI.ITEM_ID  DE_ITEM_ID,
		DE_AI.VER_NR DE_VER_NR,
		ALT_DEF.ITEM_ID, ALT_DEF.VER_NR,
		ALT_DEF.CNTXT_ITEM_ID, ALT_DEF.CNTXT_VER_NR,
		ALT_DEF.DEF_DESC, ALT_DEF.NCI_DEF_TYP_ID,
        	ALT_DEF.PREF_DEF_IND, ALT_DEF.LANG_ID, AGG.CSI_ALT_DEFS,
		ALT_DEF.CREAT_DT, ALT_DEF.CREAT_USR_ID, ALT_DEF.LST_UPD_USR_ID, ALT_DEF.FLD_DELETE,
        ALT_DEF.LST_DEL_DT, ALT_DEF.S2P_TRN_DT, ALT_DEF.LST_UPD_DT
       FROM ALT_DEF, ADMIN_ITEM DE_AI,
      (select a.def_id, listagg(cs.item_nm ||  '/' || ai.item_nm, chr(10)) within group (order by a.item_id) CSI_ALT_DEFS
        from alt_def a , NCI_CSI_ALT_DEFNMS n, nci_admin_item_rel_alt_key x, admin_item ai , admin_item cs, de
       where n.nmdef_id = a.def_id and n.nci_pub_id = x.nci_pub_id and x.c_item_id = ai.item_id  and a.item_id = de.item_id and a.ver_nr = de.ver_nr
       and x.c_item_ver_nr = ai.ver_nr and x.cntxt_cs_item_id = cs.item_id and x.cntxt_cs_ver_nr = cs.ver_nr
       group by a.def_id) agg
 where DE_AI.ADMIN_ITEM_TYP_ID = 4 and
	ALT_DEF.ITEM_ID = DE_AI.ITEM_ID and
	ALT_DEF.VER_NR = DE_AI.VER_NR and
	ALT_DEF.DEF_ID = AGG.DEF_ID (+)"
ONEDATA_WA,VW_NCI_ALT_NMS,"SELECT ALT_NMS.NM_ID, 'CDE' ALT_NMS_LVL, DE_AI.ITEM_ID  DE_ITEM_ID,
		DE_AI.VER_NR DE_VER_NR,
		ALT_NMS.ITEM_ID, ALT_NMS.VER_NR,
		ALT_NMS.CNTXT_ITEM_ID, ALT_NMS.CNTXT_VER_NR,
		ALT_NMS.NM_DESC,
        	ALT_NMS.PREF_NM_IND, ALT_NMS.LANG_ID, AGG.CSI_ALT_NMS,
		ALT_NMS.CREAT_DT, ALT_NMS.CREAT_USR_ID, ALT_NMS.LST_UPD_USR_ID, ALT_NMS.FLD_DELETE, ALT_NMS.LST_DEL_DT, ALT_NMS.S2P_TRN_DT, ALT_NMS.LST_UPD_DT, ALT_NMS.NM_TYP_ID
       FROM ALT_NMS, ADMIN_ITEM DE_AI,
       (select a.nm_id, listagg(cs.item_nm ||  '/' || ai.item_nm, chr(10)) within group (order by a.item_id) CSI_ALT_NMS
        from alt_nms a , NCI_CSI_ALT_DEFNMS n, nci_admin_item_rel_alt_key x, admin_item ai , admin_item cs, de
       where n.nmdef_id = a.nm_id and n.nci_pub_id = x.nci_pub_id and x.c_item_id = ai.item_id and a.item_id = de.item_id and a.ver_nr = de.ver_nr
       and x.c_item_ver_nr = ai.ver_nr and x.cntxt_cs_item_id = cs.item_id and x.cntxt_cs_ver_nr = cs.ver_nr
       group by a.nm_id) agg
 where DE_AI.ADMIN_ITEM_TYP_ID = 4 and
	ALT_NMS.ITEM_ID = DE_AI.ITEM_ID and
	ALT_NMS.VER_NR = DE_AI.VER_NR and upper(ALT_NMS.NM_DESC) <> upper(ALT_NMS.CNTXT_NM_DN)
	and alt_nms.nm_id = agg.nm_id (+)"
ONEDATA_WA,VW_NCI_CSI_DE,"select  aim.NCI_PUB_ID, AIM.NCI_VER_NR,  aim.c_item_id item_id, aim.c_item_ver_nr ver_nr, ai.item_id csi_item_id, ai.ver_nr csi_ver_nr,
  ai.item_nm csi_ITEM_NM, air.cntxt_cs_item_id CS_ITEM_ID, air.CNTXT_CS_VER_NR CS_VER_NR, aim.rel_typ_id,
 ai.item_long_nm  csi_item_long_nm, ai.item_desc csi_item_desc, air.p_item_Id p_CS_ITEM_ID, air.P_ITEM_VER_NR p_CS_VER_NR,
aim.CREAT_DT, aim.CREAT_USR_ID, aim.LST_UPD_USR_ID, aim.FLD_DELETE, aim.LST_DEL_DT, aim.S2P_TRN_DT, aim.LST_UPD_DT,
 ai.item_nm || ' ' || cs.ITEM_NM CSI_SEARCH_STR, cs.ITEM_NM  CS_ITEM_NM, cs.ITEM_LONG_NM CS_ITEM_LONG_NM
from admin_item ai, nci_admin_item_rel_alt_key air, nci_alt_key_admin_item_rel aim, admin_item cs
where ai.item_id = air.c_item_id and ai.ver_nr = air.c_item_ver_nr
and air.rel_typ_id = 64
and aim.nci_pub_id = air.nci_pub_id and aim.nci_ver_nr = air.nci_ver_nr
and air.cntxt_cs_item_id = cs.item_id and air.cntxt_cs_ver_nr = cs.ver_nr and cs.admin_item_typ_id = 9"
ONEDATA_WA,VW_NCI_CSI_NM,"select  x.NCI_PUB_ID, x.NCI_VER_NR, ai.item_nm CSI_NM, ai.item_long_nm  csi_long_nm, cs.ITEM_NM CS_NM, cs.item_id cs_item_id, cs.ver_nr cs_ver_nr, ai.item_id csi_item_id,
       ai.ver_nr  csi_ver_nr, cs.item_long_nm ||  '/' || ai.item_long_nm CSI_FULL_NM,
       x.CREAT_DT, x.CREAT_USR_ID, x.LST_UPD_USR_ID, x.FLD_DELETE, x.LST_DEL_DT, x.S2P_TRN_DT, x.LST_UPD_DT
       from nci_admin_item_rel_alt_key x, admin_item ai , admin_item cs
       where  x.c_item_id = ai.item_id
       and x.c_item_ver_nr = ai.ver_nr and x.cntxt_cs_item_id = cs.item_id and x.cntxt_cs_ver_nr = cs.ver_nr and
       x.rel_typ_id = 64"
ONEDATA_WA,VW_NCI_CSI_NODE,"SELECT NODE.NCI_PUB_ID, NODE.NCI_VER_NR, CSI.ITEM_ID, CSI.VER_NR, CSI.ITEM_NM, CSI.ITEM_LONG_NM, CSI.ITEM_DESC,
CSI.CNTXT_NM_DN, CSI.CURRNT_VER_IND, CSI.REGSTR_STUS_NM_DN, CSI.ADMIN_STUS_NM_DN, NODE.CREAT_DT,
NODE.CREAT_USR_ID, NODE.LST_UPD_USR_ID, NODE.FLD_DELETE, NODE.LST_DEL_DT, NODE.S2P_TRN_DT,
NODE.LST_UPD_DT, cs.CNTXT_ITEM_ID, CS.CNTXT_VER_NR,
cs.item_id cs_item_id, cs.ver_nr cs_ver_nr , cs.item_long_nm cs_long_nm, cs.item_nm cs_item_nm, cs.item_desc cs_item_desc,
pcsi.item_id pcsi_item_id, pcsi.ver_nr pcsi_ver_nr, pcsi.item_long_nm pcsi_long_nm, pcsi.item_nm pcsi_item_nm, cs.admin_stus_nm_dn cs_admin_stus_nm_dn,CS.CLSFCTN_SCHM_TYP_ID
FROM VW_CLSFCTN_SCHM_ITEM CSI, NCI_ADMIN_ITEM_REL_ALT_KEY NODE, VW_CLSFCTN_SCHM CS, VW_CLSFCTN_SCHM_ITEM PCSI
       WHERE  node.c_item_id = csi.item_id and node.c_item_ver_nr = csi.ver_nr
       and node.cntxt_cs_item_id = cs.item_id and node.cntxt_cs_Ver_nr = cs.ver_nr
       and node.rel_typ_id = 64
       and node.p_item_id = pcsi.item_id (+)
       and node.p_item_ver_nr = pcsi.ver_nr (+)"
ONEDATA_WA,VW_NCI_DE,"SELECT ADMIN_ITEM.ITEM_ID,
           ADMIN_ITEM.VER_NR,
           '.' || ADMIN_ITEM.ITEM_ID || '.'    ITEM_ID_STR,
           ADMIN_ITEM.ITEM_NM,
           ADMIN_ITEM.ITEM_LONG_NM,
           ADMIN_ITEM.ITEM_DESC,
           ADMIN_ITEM.ADMIN_NOTES,
           ADMIN_ITEM.CHNG_DESC_TXT,
           ADMIN_ITEM.CREATION_DT,
           ADMIN_ITEM.EFF_DT,
           ADMIN_ITEM.ORIGIN,
           ADMIN_ITEM.ORIGIN_ID,
           ADMIN_ITEM.ORIGIN_ID_DN,
           ADMIN_ITEM.UNRSLVD_ISSUE,
           ADMIN_ITEM.UNTL_DT,
           ADMIN_ITEM.CURRNT_VER_IND,
           ADMIN_ITEM.REGSTR_STUS_ID,
           ADMIN_ITEM.ADMIN_STUS_ID,
           -- ADMIN_ITEM.REGSTR_STUS_NM_DN,
           -- ADMIN_ITEM.ADMIN_STUS_NM_DN,
           ADMIN_ITEM.CNTXT_NM_DN,
           ADMIN_ITEM.CNTXT_ITEM_ID,
           ADMIN_ITEM.CNTXT_VER_NR,
           ADMIN_ITEM.CREAT_USR_ID,
           ADMIN_ITEM.CREAT_USR_ID             CREAT_USR_ID_X,
           ADMIN_ITEM.LST_UPD_USR_ID,
           ADMIN_ITEM.LST_UPD_USR_ID           LST_UPD_USR_ID_X,
           rs.NCI_DISP_ORDR                    REGSTR_STUS_DISP_ORD,
           ws.NCI_DISP_ORDR                    ADMIN_STUS_DISP_ORD,
           ADMIN_ITEM.FLD_DELETE,
           ADMIN_ITEM.LST_DEL_DT,
           ADMIN_ITEM.S2P_TRN_DT,
           ADMIN_ITEM.LST_UPD_DT,
           ADMIN_ITEM.CREAT_DT,
           ADMIN_ITEM.NCI_IDSEQ,
           CNTXT.NCI_PRG_AREA_ID,
           ADMIN_ITEM_TYP_ID,
           ext.USED_BY                         CNTXT_AGG,
           REF.ref_desc                        PREF_QUEST_TXT,
           SUBSTR (
                  ADMIN_ITEM.ITEM_LONG_NM
               || '||'
               || ADMIN_ITEM.ITEM_NM
               || '||'
               || NVL (ref_desc.ref_desc, ''),
               1,
               32766)                          SEARCH_STR
      FROM ADMIN_ITEM,
           VW_CNTXT            CNTXT,
           NCI_ADMIN_ITEM_EXT  ext,
           (SELECT item_id, ver_nr, ref_desc
              FROM REF
             WHERE ref_typ_id = 80) REF,
           (  SELECT item_id,
                     ver_nr,
                     LISTAGG (ref_desc, '||') WITHIN GROUP (ORDER BY OBJ_KEY_DESC desc)    ref_desc
                FROM REF, OBJ_KEY
               WHERE     REF_TYP_ID = OBJ_KEY.OBJ_KEY_ID
                     AND LOWER (OBJ_KEY_DESC) LIKE '%question%'
            GROUP BY item_id, ver_nr) ref_desc,
           VW_REGSTR_STUS      rs,
           VW_ADMIN_STUS       ws
     WHERE     ADMIN_ITEM_TYP_ID = 4
           --and ADMIN_ITEM.ITEM_Id = de.item_id
           --and ADMIN_ITEM.VER_NR = DE.VER_NR
           AND ADMIN_ITEM.ITEM_ID = EXT.ITEM_ID
           AND ADMIN_ITEM.VER_NR = EXT.VER_NR
           AND ADMIN_ITEM.ITEM_ID = REF.ITEM_ID(+)
           AND ADMIN_ITEM.VER_NR = REF.VER_NR(+)
           AND ADMIN_ITEM.ITEM_ID = ref_desc.ITEM_ID(+)
           AND ADMIN_ITEM.VER_NR = ref_desc.VER_NR(+)
           AND ADMIN_ITEM.REGSTR_STUS_ID = rs.STUS_ID(+)
           AND ADMIN_ITEM.ADMIN_STUS_ID = ws.STUS_ID(+)
           AND ADMIN_ITEM.CNTXT_ITEM_ID = CNTXT.ITEM_ID
           AND ADMIN_ITEM.CNTXT_VER_NR = CNTXT.VER_NR"
ONEDATA_WA,VW_NCI_DEC_CNCPT,"SELECT  '2. Object Class' ALT_NMS_LVL, DEC.ITEM_ID  DEC_ITEM_ID,
		DEC.VER_NR DEC_VER_NR,
		a.ITEM_ID, a.VER_NR,
		a.CNCPT_ITEM_ID, a.CNCPT_VER_NR,
		a.CREAT_DT, a.CREAT_USR_ID, a.LST_UPD_USR_ID,
		a.FLD_DELETE, a.LST_DEL_DT, a.S2P_TRN_DT,
		a.LST_UPD_DT, a.NCI_ORD, a.NCI_PRMRY_IND, a.NCI_CNCPT_VAL
       FROM CNCPT_ADMIN_ITEM a, DE_CONC DEC where
	a.ITEM_ID = DEC.OBJ_CLS_ITEM_ID and
	a.VER_NR = DEC.OBJ_CLS_VER_NR
	union
         SELECT '1. Property' ALT_NMS_LVL, DEC.ITEM_ID  DEC_ITEM_ID,
		DEC.VER_NR DEC_VER_NR,
		a.ITEM_ID, a.VER_NR,
		a.CNCPT_ITEM_ID, a.CNCPT_VER_NR,
        	a.CREAT_DT, a.CREAT_USR_ID, a.LST_UPD_USR_ID,
		a.FLD_DELETE, a.LST_DEL_DT, a.S2P_TRN_DT,
		a.LST_UPD_DT, a.NCI_ORD, a.NCI_PRMRY_IND, a.NCI_CNCPT_VAL
       FROM CNCPT_ADMIN_ITEM a, DE_CONC DEC where
	a.ITEM_ID = DEC.PROP_ITEM_ID and
	a.VER_NR = DEC.PROP_VER_NR"
ONEDATA_WA,VW_NCI_DE_CNCPT,"SELECT  '5. Object Class' ALT_NMS_LVL, DE.ITEM_ID  DE_ITEM_ID,
		DE.VER_NR DE_VER_NR,
		a.ITEM_ID, a.VER_NR,
		a.CNCPT_ITEM_ID, a.CNCPT_VER_NR,
		a.CREAT_DT, a.CREAT_USR_ID, a.LST_UPD_USR_ID,
		a.FLD_DELETE, a.LST_DEL_DT, a.S2P_TRN_DT,
		a.LST_UPD_DT, a.NCI_ORD, a.NCI_PRMRY_IND, a.NCI_CNCPT_VAL
       FROM CNCPT_ADMIN_ITEM a, DE, DE_CONC where
	a.ITEM_ID = DE_CONC.OBJ_CLS_ITEM_ID and
	a.VER_NR = DE_CONC.OBJ_CLS_VER_NR and
	DE.DE_CONC_ITEM_ID = DE_CONC.ITEM_ID and
	DE.DE_CONC_VER_NR = DE_CONC.VER_NR
	union
         SELECT '4. Property' ALT_NMS_LVL, DE.ITEM_ID  DE_ITEM_ID,
		DE.VER_NR DE_VER_NR,
		a.ITEM_ID, a.VER_NR,
		a.CNCPT_ITEM_ID, a.CNCPT_VER_NR,
        	a.CREAT_DT, a.CREAT_USR_ID, a.LST_UPD_USR_ID,
		a.FLD_DELETE, a.LST_DEL_DT, a.S2P_TRN_DT,
		a.LST_UPD_DT, a.NCI_ORD, a.NCI_PRMRY_IND, a.NCI_CNCPT_VAL
       FROM CNCPT_ADMIN_ITEM a, DE, DE_CONC where
	a.ITEM_ID = DE_CONC.PROP_ITEM_ID and
	a.VER_NR = DE_CONC.PROP_VER_NR and
	DE.DE_CONC_ITEM_ID = DE_CONC.ITEM_ID and
	DE.DE_CONC_VER_NR = DE_CONC.VER_NR
	union
         SELECT '3. Representation Term' ALT_NMS_LVL, DE.ITEM_ID  DE_ITEM_ID,
		DE.VER_NR DE_VER_NR,
		a.ITEM_ID, a.VER_NR,
		a.CNCPT_ITEM_ID, a.CNCPT_VER_NR,
        	a.CREAT_DT, a.CREAT_USR_ID, a.LST_UPD_USR_ID,
		a.FLD_DELETE, a.LST_DEL_DT, a.S2P_TRN_DT,
		a.LST_UPD_DT, a.NCI_ORD, a.NCI_PRMRY_IND, a.NCI_CNCPT_VAL
       FROM CNCPT_ADMIN_ITEM a, DE, VALUE_DOM VD where
	a.ITEM_ID = VD.REP_CLS_ITEM_ID and
	a.VER_NR = VD.REP_CLS_VER_NR and
	DE.VAL_DOM_ITEM_ID = VD.ITEM_ID and
	DE.VAL_DOM_VER_NR = VD.VER_NR
	union
         SELECT '1. Value Meaning' ALT_NMS_LVL, DE.ITEM_ID  DE_ITEM_ID,
		DE.VER_NR DE_VER_NR,
		a.ITEM_ID, a.VER_NR,
		a.CNCPT_ITEM_ID, a.CNCPT_VER_NR,
        	a.CREAT_DT, a.CREAT_USR_ID, a.LST_UPD_USR_ID,
		a.FLD_DELETE, a.LST_DEL_DT, a.S2P_TRN_DT,
		a.LST_UPD_DT, a.NCI_ORD, a.NCI_PRMRY_IND, a.NCI_CNCPT_VAL
       FROM CNCPT_ADMIN_ITEM a, DE, PERM_VAL PV where
	a.ITEM_ID = PV.NCI_VAL_MEAN_ITEM_ID and
	a.VER_NR = PV.NCI_VAL_MEAN_VER_NR and
	DE.VAL_DOM_ITEM_ID = PV.VAL_DOM_ITEM_ID and
	DE.VAL_DOM_VER_NR = PV.VAL_DOM_VER_NR
	union
         SELECT '2. Value Domain' ALT_NMS_LVL, DE.ITEM_ID  DE_ITEM_ID,
		DE.VER_NR DE_VER_NR,
		a.ITEM_ID, a.VER_NR,
		a.CNCPT_ITEM_ID, a.CNCPT_VER_NR,
        	a.CREAT_DT, a.CREAT_USR_ID, a.LST_UPD_USR_ID,
		a.FLD_DELETE, a.LST_DEL_DT, a.S2P_TRN_DT,
		a.LST_UPD_DT, a.NCI_ORD, a.NCI_PRMRY_IND, a.NCI_CNCPT_VAL
       FROM CNCPT_ADMIN_ITEM a, DE where
	DE.VAL_DOM_ITEM_ID = a.ITEM_ID and
	DE.VAL_DOM_VER_NR = a.VER_NR"
ONEDATA_WA,VW_NCI_DE_HORT,"SELECT
	ADMIN_ITEM.ITEM_ID ITEM_ID,
	ADMIN_ITEM.VER_NR,
	ADMIN_ITEM.ITEM_NM,
	ADMIN_ITEM.ITEM_LONG_NM,
	ADMIN_ITEM.ITEM_DESC,
	ADMIN_ITEM.CNTXT_NM_DN,
	ADMIN_ITEM.ORIGIN,
        ADMIN_ITEM.ORIGIN_ID_DN,
	ADMIN_ITEM.UNTL_DT,
	ADMIN_ITEM.CURRNT_VER_IND,
	DE.DE_PREC,
	DE.DE_CONC_ITEM_ID,
	DE.DE_CONC_VER_NR,
	DE.VAL_DOM_VER_NR,
	DE.VAL_DOM_ITEM_ID,
	DE.REP_CLS_VER_NR,
	DE.REP_CLS_ITEM_ID,
DE.DERV_DE_IND,
DE.DERV_MTHD,
DE.DERV_RUL,
DE.DERV_TYP_ID,
	DE.CREAT_USR_ID,
	DE.LST_UPD_USR_ID,
	DE.FLD_DELETE,
	DE.LST_DEL_DT,
	DE.S2P_TRN_DT,
	DE.LST_UPD_DT,
	DE.CREAT_DT,
	DE.CREAT_USR_ID CREAT_USR_ID_API,
	DE.LST_UPD_USR_ID LST_UPD_USR_ID_API,
	DE.CREAT_DT CREAT_DT_API,
	DE.LST_UPD_DT LST_UPD_DT_API,
	VALUE_DOM.CONC_DOM_VER_NR,
	VALUE_DOM.CONC_DOM_ITEM_ID,
	VALUE_DOM.NON_ENUM_VAL_DOM_DESC,
	VALUE_DOM.UOM_ID,
	VALUE_DOM.VAL_DOM_TYP_ID VAL_DOM_TYP_ID,
	VALUE_DOM.VAL_DOM_MIN_CHAR,
	VALUE_DOM.VAL_DOM_MAX_CHAR,
	VALUE_DOM.VAL_DOM_FMT_ID,
	VALUE_DOM.CHAR_SET_ID,
	VALUE_DOM.CREAT_DT VALUE_DOM_CREAT_DT,
	VALUE_DOM.CREAT_USR_ID VALUE_DOM_USR_ID,
	VALUE_DOM.LST_UPD_USR_ID VALUE_DOM_LST_UPD_USR_ID,
	VALUE_DOM.LST_UPD_DT VALUE_DOM_LST_UPD_DT,
	VALUE_DOM_AI.ITEM_NM VALUE_DOM_ITEM_NM,
	VALUE_DOM_AI.ITEM_LONG_NM VALUE_DOM_ITEM_LONG_NM,
	VALUE_DOM_AI.ITEM_DESC  VALUE_DOM_ITEM_DESC,
	VALUE_DOM_AI.CNTXT_NM_DN VALUE_DOM_CNTXT_NM,
	VALUE_DOM_AI.CURRNT_VER_IND VALUE_DOM_CURRNT_VER_IND,
	VALUE_DOM_AI.REGSTR_STUS_NM_DN VALUE_DOM_REGSTR_STUS_NM,
	VALUE_DOM_AI.ADMIN_STUS_NM_DN VALUE_DOM_ADMIN_STUS_NM,
	VALUE_DOM.NCI_STD_DTTYPE_ID,
    VALUE_DOM.DTTYPE_ID,
	ADMIN_ITEM.REGSTR_AUTH_ID,
	DEC_AI.ITEM_NM DEC_ITEM_NM,
	DEC_AI.ITEM_LONG_NM DEC_ITEM_LONG_NM,
	DEC_AI.ITEM_DESC  DEC_ITEM_DESC,
	DEC_AI.CNTXT_NM_DN DEC_CNTXT_NM,
	DEC_AI.CURRNT_VER_IND DEC_CURRNT_VER_IND,
	DEC_AI.REGSTR_STUS_NM_DN DEC_REGSTR_STUS_NM,
	DEC_AI.ADMIN_STUS_NM_DN DEC_ADMIN_STUS_NM,
	DEC_AI.CREAT_DT DEC_CREAT_DT,
	DEC_AI.CREAT_USR_ID DEC_USR_ID,
	DEC_AI.LST_UPD_USR_ID DEC_LST_UPD_USR_ID,
	DEC_AI.LST_UPD_DT DEC_LST_UPD_DT,
	DE_CONC.OBJ_CLS_ITEM_ID,
	DE_CONC.OBJ_CLS_VER_NR,
        OC.ITEM_NM OBJ_CLS_ITEM_NM,
        OC.ITEM_LONG_NM OBJ_CLS_ITEM_LONG_NM,
        PROP.ITEM_NM PROP_ITEM_NM,
        PROP.ITEM_LONG_NM PROP_ITEM_LONG_NM,
	DE_CONC.PROP_ITEM_ID,
	DE_CONC.PROP_VER_NR,
	DE_CONC.CONC_DOM_ITEM_ID DEC_CD_ITEM_ID,
	DE_CONC.CONC_DOM_VER_NR DEC_CD_VER_NR,
	DEC_CD.ITEM_NM DEC_CD_ITEM_NM,
	DEC_CD.ITEM_LONG_NM DEC_CD_ITEM_LONG_NM,
	DEC_CD.ITEM_DESC  DEC_CD_ITEM_DESC,
	DEC_CD.CNTXT_NM_DN DEC_CD_CNTXT_NM,
	DEC_CD.CURRNT_VER_IND DEC_CD_CURRNT_VER_IND,
	DEC_CD.REGSTR_STUS_NM_DN DEC_CD_REGSTR_STUS_NM,
	DEC_CD.ADMIN_STUS_NM_DN DEC_CD_ADMIN_STUS_NM,
	CD_AI.ITEM_NM CD_ITEM_NM,
	CD_AI.ITEM_LONG_NM CD_ITEM_LONG_NM,
	CD_AI.ITEM_DESC  CD_ITEM_DESC,
	CD_AI.CNTXT_NM_DN CD_CNTXT_NM,
	CD_AI.CURRNT_VER_IND CD_CURRNT_VER_IND,
	CD_AI.REGSTR_STUS_NM_DN CD_REGSTR_STUS_NM,
	CD_AI.ADMIN_STUS_NM_DN CD_ADMIN_STUS_NM,
	       ADMIN_ITEM.ADMIN_ITEM_TYP_ID ,
        '' CNTXT_AGG,
        SYSDATE - greatest(DE.LST_UPD_DT, admin_item.lst_upd_dt, Value_dom.LST_UPD_DT, dec_ai.LST_UPD_DT) LST_UPD_CHG_DAYS
       FROM ADMIN_ITEM, DE,  VALUE_DOM, ADMIN_ITEM VALUE_DOM_AI,
	ADMIN_ITEM DEC_AI, DE_CONC, VW_CONC_DOM DEC_CD,
	VW_CONC_DOM CD_AI, ADMIN_ITEM OC, ADMIN_ITEM PROP
       WHERE ADMIN_ITEM.ADMIN_ITEM_TYP_ID = 4
AND DE.ITEM_ID = ADMIN_ITEM.ITEM_ID
and DE.VER_NR = ADMIN_ITEM.VER_NR
and DE.VAL_DOM_ITEM_ID = VALUE_DOM_AI.ITEM_ID
and DE.VAL_DOM_VER_NR = VALUE_DOM_AI.VER_NR
and DE.VAL_DOM_ITEM_ID = VALUE_DOM.ITEM_ID
and DE.VAL_DOM_VER_NR = VALUE_DOM.VER_NR
and DE.DE_CONC_ITEM_ID = DEC_AI.ITEM_ID
and DE.DE_CONC_VER_NR = DEC_AI.VER_NR
and DE.DE_CONC_ITEM_ID = DE_CONC.ITEM_ID
and DE_CONC.OBJ_CLS_ITEM_ID = OC.ITEM_ID
and DE_CONC.OBJ_CLS_VER_NR = OC.VER_NR
and DE_CONC.PROP_ITEM_ID = PROP.ITEM_ID
and DE_CONC.PROP_VER_NR = PROP.VER_NR
and DE.DE_CONC_VER_NR = DE_CONC.VER_NR
and DE_CONC.CONC_DOM_ITEM_ID = DEC_CD.ITEM_ID
and DE_CONC.CONC_DOM_VER_NR = DEC_CD.VER_NR
and VALUE_DOM.CONC_DOM_ITEM_ID = CD_AI.ITEM_ID
and VALUE_DOM.CONC_DOM_VER_NR = CD_AI.VER"
ONEDATA_WA,VW_NCI_DE_PV,"SELECT PV.PERM_VAL_BEG_DT, PERM_VAL_END_DT, PERM_VAL_NM, PERM_VAL_DESC_TXT,
              DE.ITEM_ID  DE_ITEM_ID,
		DE.VER_NR DE_VER_NR, VM.ITEM_NM, VM.ITEM_LONG_NM,
                VM.ITEM_DESC, NCI_VAL_MEAN_ITEM_ID, NCI_VAL_MEAN_VER_NR, e.CNCPT_CONCAT, e.CNCPT_CONCAT_NM,
		PV.CREAT_DT, PV.CREAT_USR_ID, PV.LST_UPD_USR_ID, PV.FLD_DELETE, PV.LST_DEL_DT, PV.S2P_TRN_DT, PV.LST_UPD_DT,
                PV.PRNT_CNCPT_ITEM_ID, PV.PRNT_CNCPT_VER_NR, VM.ITEM_NM || ' ' || VM.ITEM_DESC  VM_SEARCH_STR
       FROM  DE, PERM_VAL PV, ADMIN_ITEM VM, NCI_ADMIN_ITEM_EXT e where
	PV.VAL_DOM_ITEM_ID = DE.VAL_DOM_ITEM_ID and
	PV.VAL_DOM_VER_NR = DE.VAL_DOM_VER_NR and
	PV.NCI_VAL_MEAN_ITEM_ID = vm.ITEM_ID and
	PV.NCI_VAL_MEAN_VER_NR = vm.VER_NR and
        VM.ITEM_ID = e.ITEM_ID and
        VM.VER_NR = e.VER_NR"
ONEDATA_WA,VW_NCI_FORM,"select air.p_item_id, air.p_item_ver_nr, ai.item_id, ai.ver_nr, ai.item_nm, ai.item_long_nm, ai.item_desc, ai.REGSTR_STUS_ID, ai.cntxt_item_id, ai.cntxt_ver_nr,
'FORM' admin_item_typ_nm, f.catgry_id, f.FORM_TYP_ID, ai.admin_stus_id, f.HDR_INSTR, f.FTR_INSTR,
ai.CREAT_DT, ai.CREAT_USR_ID, ai.LST_UPD_USR_ID, ai.FLD_DELETE, ai.LST_DEL_DT, ai.S2P_TRN_DT, ai.LST_UPD_DT, air.disp_ord, air.rep_no
from admin_item ai, nci_admin_item_rel air, nci_form f where
ai.item_id = air.c_item_id and ai.ver_nr = air.c_item_ver_nr and air.rel_typ_id = 60 and ai.item_id = f.item_id and ai.ver_nr = f.ver_nr"
ONEDATA_WA,VW_NCI_FORM_MODULE,"select air.p_item_id, air.p_item_ver_nr, ai.item_id, ai.ver_nr, ai.item_nm, ai.item_long_nm, ai.item_desc,
'MODULE' admin_item_typ_nm,air.INSTR,
ai.CREAT_DT, ai.CREAT_USR_ID, ai.LST_UPD_USR_ID, ai.FLD_DELETE, ai.LST_DEL_DT, ai.S2P_TRN_DT, ai.LST_UPD_DT, air.disp_ord, air.rep_no
from admin_item ai, nci_admin_item_rel air where ai.item_id = air.c_item_id and ai.ver_nr = air.c_item_ver_nr and air.rel_typ_id in (61,62)"
ONEDATA_WA,VW_NCI_MODULE_DE,"select frm.item_long_nm frm_item_long_nm, frm.item_nm frm_item_nm, frm.item_id frm_item_id, frm.ver_nr frm_ver_nr,
air.p_item_id mod_item_id, air.p_item_ver_nr mod_ver_nr,
 air.c_item_id de_item_id, air.c_item_ver_nr de_ver_nr, air.disp_ord,
aim.item_nm MOD_ITEM_NM,
 aim.item_long_nm  mod_item_long_nm, aim.item_desc mod_item_desc,
'QUESTION' admin_item_typ_nm, air.nci_pub_id,air.nci_ver_nr,
air.CREAT_DT, air.CREAT_USR_ID, air.LST_UPD_USR_ID, air.FLD_DELETE, air.LST_DEL_DT, air.S2P_TRN_DT, air.LST_UPD_DT, air.item_long_nm QUEST_LONG_TXT, air.item_nm QUEST_TXT
from  nci_admin_item_rel_alt_key air, admin_item aim,
admin_item frm, nci_admin_item_rel frm_mod
where  air.rel_typ_id = 63
and aim.item_id = air.p_item_id and aim.ver_nr = air.p_item_ver_nr
and frm.item_id = frm_mod.p_item_id and frm.ver_nr = frm_mod.p_item_ver_nr and aim.item_id = frm_mod.c_item_id and aim.ver_nr = frm_mod.c_item_ver_nr
and frm_mod.rel_typ_id in (61,62)
and frm.admin_item_typ_id in ( 54,55)"
ONEDATA_WA,VW_NCI_USED_BY,"select distinct ITEM_ID, VER_NR , CNTXT_ITEM_ID, CNTXT_VER_NR, sysdate CREAT_DT, 'ONEDATA' CREAT_USR_ID, 'ONEDATA' LST_UPD_USR_ID, 0 FLD_DELETE, sysdate LST_DEL_DE, sysdate S2P_TRN_DT, sysdate LST_UPD_DT
from (
  SELECT distinct DE.ITEM_ID, DE.VER_NR, a.CNTXT_ITEM_ID, a.CNTXT_VER_NR, sysdate CREAT_DT, 'ONEDATA' CREAT_USR_ID, 'ONEDATA' LST_UPD_USR_ID, a.FLD_DELETE, a.LST_DEL_DT, sysdate S2P_TRN_DT, sysdate LST_UPD_DT
       FROM DE, ALT_NMS a, obj_key ok
       WHERE DE.ITEM_ID = a.ITEM_ID and DE.VER_NR = a.VER_NR
       and nvl(a.fld_delete,0) = 0
       and nvl(de.fld_delete,0) = 0
       and a.nm_typ_id = ok.obj_key_id and ok.obj_typ_id =11 and ok.obj_key_desc <> 'USED_BY'
      and a.CNTXT_ITEM_ID is not null
union
  SELECT distinct DE.ITEM_ID, DE.VER_NR, a.NCI_CNTXT_ITEM_ID, a.NCI_CNTXT_VER_NR, sysdate CREAT_DT, 'ONEDATA' CREAT_USR_ID, 'ONEDATA' LST_UPD_USR_ID, a.FLD_DELETE, a.LST_DEL_DT, sysdate S2P_TRN_DT, sysdate LST_UPD_DT
       FROM DE, REF a
       WHERE DE.ITEM_ID = a.ITEM_ID and DE.VER_NR = a.VER_NR
       and nvl(a.fld_delete,0) = 0
       and nvl(de.fld_delete,0) = 0
      and a.NCI_CNTXT_ITEM_ID is not null
union
  SELECT distinct DE.C_ITEM_ID, DE.C_ITEM_VER_NR, cs.CNTXT_ITEM_ID, cs.CNTXT_VER_NR, sysdate CREAT_DT, 'ONEDATA' CREAT_USR_ID, 'ONEDATA' LST_UPD_USR_ID, cscsi.FLD_DELETE, cscsi.LST_DEL_DT, sysdate S2P_TRN_DT,
  sysdate LST_UPD_DT
       FROM NCI_ALT_KEY_ADMIN_ITEM_REL de, NCI_ADMIN_ITEM_REL_ALT_KEY cscsi, admin_item cs
       WHERE DE.NCI_PUB_ID = cscsi.NCI_PUB_ID and de.NCI_VER_NR = cscsi.NCI_VER_NR
       and nvl(cscsi.fld_delete,0) = 0
       and nvl(de.fld_delete,0) = 0
       and cscsi.CNTXT_CS_ITEM_ID = cs.item_id and
       cscsi.CNTXT_CS_VER_NR = cs.ver_nr and
       cs.admin_item_typ_id = 9       and cs.CNTXT_ITEM_ID is not null
)"
ONEDATA_WA,VW_NCI_USR_CART,"SELECT AI.ITEM_ID, AI.VER_NR, AI.ITEM_LONG_NM, AI.CNTXT_NM_DN, AI.ITEM_NM, AI.REGSTR_STUS_NM_DN, AI.ADMIN_STUS_NM_DN, DECODE(AI.ADMIN_ITEM_TYP_ID, 4, 'Data Element', 54, 'Form') ADMIN_ITEM_TYP_NM,
UC.CNTCT_SECU_ID, UC.CREAT_DT, UC.CREAT_USR_ID, UC.LST_UPD_USR_ID, UC.FLD_DELETE, UC.LST_DEL_DT, UC.S2P_TRN_DT, UC.LST_UPD_DT, UC.GUEST_USR_NM
FROM NCI_USR_CART UC, ADMIN_ITEM AI WHERE AI.ITEM_ID = UC.ITEM_ID AND AI.VER_NR = UC.VER_NR"
ONEDATA_WA,VW_OBJ_CLS,"SELECT ADMIN_ITEM.ITEM_ID, ADMIN_ITEM.VER_NR, ADMIN_ITEM.ITEM_NM, ADMIN_ITEM.ITEM_LONG_NM, ADMIN_ITEM.ITEM_DESC,
ADMIN_ITEM.CNTXT_NM_DN, ADMIN_ITEM.CURRNT_VER_IND, ADMIN_ITEM.REGSTR_STUS_NM_DN, ADMIN_ITEM.ADMIN_STUS_NM_DN, ADMIN_ITEM.CREAT_DT,
ADMIN_ITEM.CREAT_USR_ID, ADMIN_ITEM.LST_UPD_USR_ID, ADMIN_ITEM.FLD_DELETE, ADMIN_ITEM.LST_DEL_DT, ADMIN_ITEM.S2P_TRN_DT,
ADMIN_ITEM.LST_UPD_DT, e.CNCPT_CONCAT, e.CNCPT_CONCAT_NM
FROM ADMIN_ITEM, NCI_ADMIN_ITEM_EXT e
       WHERE ADMIN_ITEM_TYP_ID = 5 and ADMIN_ITEM.ITEM_ID = e.ITEM_ID and ADMIN_ITEM.VER_NR = e.VER_NR"
ONEDATA_WA,VW_OBJ_KEY_1,"SELECT OBJ_KEY.OBJ_KEY_ID, OBJ_KEY.OBJ_KEY_DESC, OBJ_KEY.OBJ_TYP_ID, OBJ_KEY.OBJ_KEY_DEF, OBJ_KEY.OBJ_KEY_CD, OBJ_KEY.CREAT_DT, OBJ_KEY.CREAT_USR_ID, OBJ_KEY.LST_UPD_USR_ID, OBJ_KEY.FLD_DELETE, OBJ_KEY.LST_DEL_DT, OBJ_KEY.S2P_TRN_DT, OBJ_KEY.LST_UPD_DT, OBJ_KEY.OBJ_KEY_CMNTS
       FROM OBJ_KEY
       WHERE OBJ_TYP_ID = 1"
ONEDATA_WA,VW_OBJ_KEY_10,"SELECT OBJ_KEY.OBJ_KEY_ID, OBJ_KEY.OBJ_KEY_DESC, OBJ_KEY.OBJ_TYP_ID, OBJ_KEY.OBJ_KEY_DEF, OBJ_KEY.OBJ_KEY_CD, OBJ_KEY.CREAT_DT, OBJ_KEY.CREAT_USR_ID, OBJ_KEY.LST_UPD_USR_ID, OBJ_KEY.FLD_DELETE, OBJ_KEY.LST_DEL_DT, OBJ_KEY.S2P_TRN_DT, OBJ_KEY.LST_UPD_DT, OBJ_KEY.OBJ_KEY_CMNTS
       FROM OBJ_KEY
       WHERE obj_typ_id = 10"
ONEDATA_WA,VW_OBJ_KEY_11,"SELECT OBJ_KEY.OBJ_KEY_ID, OBJ_KEY.OBJ_KEY_DESC, OBJ_KEY.OBJ_TYP_ID, OBJ_KEY.OBJ_KEY_DEF, OBJ_KEY.OBJ_KEY_CD, OBJ_KEY.CREAT_DT, OBJ_KEY.CREAT_USR_ID, OBJ_KEY.LST_UPD_USR_ID, OBJ_KEY.FLD_DELETE, OBJ_KEY.LST_DEL_DT, OBJ_KEY.S2P_TRN_DT, OBJ_KEY.LST_UPD_DT, OBJ_KEY.OBJ_KEY_CMNTS
       FROM OBJ_KEY
       WHERE obj_typ_id = 11"
ONEDATA_WA,VW_OBJ_KEY_12,"SELECT OBJ_KEY.OBJ_KEY_ID, OBJ_KEY.OBJ_KEY_DESC, OBJ_KEY.OBJ_TYP_ID, OBJ_KEY.OBJ_KEY_DEF, OBJ_KEY.OBJ_KEY_CD, OBJ_KEY.CREAT_DT, OBJ_KEY.CREAT_USR_ID, OBJ_KEY.LST_UPD_USR_ID, OBJ_KEY.FLD_DELETE, OBJ_KEY.LST_DEL_DT, OBJ_KEY.S2P_TRN_DT, OBJ_KEY.LST_UPD_DT, OBJ_KEY.OBJ_KEY_CMNTS
       FROM OBJ_KEY
       WHERE obj_typ_id = 12"
ONEDATA_WA,VW_OBJ_KEY_13,"SELECT OBJ_KEY.OBJ_KEY_ID, OBJ_KEY.OBJ_KEY_DESC, OBJ_KEY.OBJ_TYP_ID, OBJ_KEY.OBJ_KEY_DEF, OBJ_KEY.OBJ_KEY_CD, OBJ_KEY.CREAT_DT, OBJ_KEY.CREAT_USR_ID, OBJ_KEY.LST_UPD_USR_ID, OBJ_KEY.FLD_DELETE, OBJ_KEY.LST_DEL_DT, OBJ_KEY.S2P_TRN_DT, OBJ_KEY.LST_UPD_DT, OBJ_KEY.OBJ_KEY_CMNTS
       FROM OBJ_KEY
       WHERE obj_typ_id = 13"
ONEDATA_WA,VW_OBJ_KEY_14,"SELECT OBJ_KEY.OBJ_KEY_ID, OBJ_KEY.OBJ_KEY_DESC, OBJ_KEY.OBJ_TYP_ID, OBJ_KEY.OBJ_KEY_DEF, OBJ_KEY.OBJ_KEY_CD, OBJ_KEY.CREAT_DT, OBJ_KEY.CREAT_USR_ID, OBJ_KEY.LST_UPD_USR_ID, OBJ_KEY.FLD_DELETE, OBJ_KEY.LST_DEL_DT, OBJ_KEY.S2P_TRN_DT, OBJ_KEY.LST_UPD_DT, OBJ_KEY.OBJ_KEY_CMNTS
       FROM OBJ_KEY
       WHERE obj_typ_id = 14"
ONEDATA_WA,VW_OBJ_KEY_15,"SELECT OBJ_KEY.OBJ_KEY_ID, OBJ_KEY.OBJ_KEY_DESC, OBJ_KEY.OBJ_TYP_ID, OBJ_KEY.OBJ_KEY_DEF, OBJ_KEY.OBJ_KEY_CD, OBJ_KEY.CREAT_DT, OBJ_KEY.CREAT_USR_ID, OBJ_KEY.LST_UPD_USR_ID, OBJ_KEY.FLD_DELETE, OBJ_KEY.LST_DEL_DT, OBJ_KEY.S2P_TRN_DT, OBJ_KEY.LST_UPD_DT, OBJ_KEY.OBJ_KEY_CMNTS
       FROM OBJ_KEY
       WHERE obj_typ_id = 15"
ONEDATA_WA,VW_OBJ_KEY_2,"SELECT OBJ_KEY.OBJ_KEY_ID, OBJ_KEY.OBJ_KEY_DESC, OBJ_KEY.OBJ_TYP_ID, OBJ_KEY.OBJ_KEY_DEF, OBJ_KEY.OBJ_KEY_CD, OBJ_KEY.CREAT_DT, OBJ_KEY.CREAT_USR_ID, OBJ_KEY.LST_UPD_USR_ID, OBJ_KEY.FLD_DELETE, OBJ_KEY.LST_DEL_DT, OBJ_KEY.S2P_TRN_DT, OBJ_KEY.LST_UPD_DT, OBJ_KEY.OBJ_KEY_CMNTS
       FROM OBJ_KEY
       WHERE OBJ_TYP_ID = 2"
ONEDATA_WA,VW_OBJ_KEY_3,"SELECT OBJ_KEY.OBJ_KEY_ID, OBJ_KEY.OBJ_KEY_DESC, OBJ_KEY.OBJ_TYP_ID, OBJ_KEY.OBJ_KEY_DEF, OBJ_KEY.OBJ_KEY_CD, OBJ_KEY.CREAT_DT, OBJ_KEY.CREAT_USR_ID, OBJ_KEY.LST_UPD_USR_ID, OBJ_KEY.FLD_DELETE, OBJ_KEY.LST_DEL_DT, OBJ_KEY.S2P_TRN_DT, OBJ_KEY.LST_UPD_DT, OBJ_KEY.OBJ_KEY_CMNTS
       FROM OBJ_KEY
       WHERE OBJ_TYP_ID = 3"
ONEDATA_WA,VW_OBJ_KEY_4,"SELECT OBJ_KEY.OBJ_KEY_ID, OBJ_KEY.OBJ_KEY_DESC, OBJ_KEY.OBJ_TYP_ID, OBJ_KEY.OBJ_KEY_DEF, OBJ_KEY.OBJ_KEY_CD, OBJ_KEY.CREAT_DT, OBJ_KEY.CREAT_USR_ID, OBJ_KEY.LST_UPD_USR_ID, OBJ_KEY.FLD_DELETE, OBJ_KEY.LST_DEL_DT, OBJ_KEY.S2P_TRN_DT, OBJ_KEY.LST_UPD_DT, OBJ_KEY.OBJ_KEY_CMNTS
       FROM OBJ_KEY
       WHERE obj_typ_id = 4"
ONEDATA_WA,VW_OBJ_KEY_5,"SELECT OBJ_KEY.OBJ_KEY_ID, OBJ_KEY.OBJ_KEY_DESC, OBJ_KEY.OBJ_TYP_ID, OBJ_KEY.OBJ_KEY_DEF, OBJ_KEY.OBJ_KEY_CD, OBJ_KEY.CREAT_DT, OBJ_KEY.CREAT_USR_ID, OBJ_KEY.LST_UPD_USR_ID, OBJ_KEY.FLD_DELETE, OBJ_KEY.LST_DEL_DT, OBJ_KEY.S2P_TRN_DT, OBJ_KEY.LST_UPD_DT, OBJ_KEY.OBJ_KEY_CMNTS
       FROM OBJ_KEY
       WHERE obj_typ_id = 5"
ONEDATA_WA,VW_OBJ_KEY_6,"SELECT OBJ_KEY.OBJ_KEY_ID, OBJ_KEY.OBJ_KEY_DESC, OBJ_KEY.OBJ_TYP_ID, OBJ_KEY.OBJ_KEY_DEF, OBJ_KEY.OBJ_KEY_CD, OBJ_KEY.CREAT_DT, OBJ_KEY.CREAT_USR_ID, OBJ_KEY.LST_UPD_USR_ID, OBJ_KEY.FLD_DELETE, OBJ_KEY.LST_DEL_DT, OBJ_KEY.S2P_TRN_DT, OBJ_KEY.LST_UPD_DT, OBJ_KEY.OBJ_KEY_CMNTS
       FROM OBJ_KEY
       WHERE obj_typ_id = 6"
ONEDATA_WA,VW_OBJ_KEY_7,"SELECT OBJ_KEY.OBJ_KEY_ID, OBJ_KEY.OBJ_KEY_DESC, OBJ_KEY.OBJ_TYP_ID, OBJ_KEY.OBJ_KEY_DEF, OBJ_KEY.OBJ_KEY_CD, OBJ_KEY.CREAT_DT, OBJ_KEY.CREAT_USR_ID, OBJ_KEY.LST_UPD_USR_ID, OBJ_KEY.FLD_DELETE, OBJ_KEY.LST_DEL_DT, OBJ_KEY.S2P_TRN_DT, OBJ_KEY.LST_UPD_DT, OBJ_KEY.OBJ_KEY_CMNTS
       FROM OBJ_KEY
       WHERE OBJ_TYP_ID = 7"
ONEDATA_WA,VW_OBJ_KEY_8,"SELECT OBJ_KEY.OBJ_KEY_ID, OBJ_KEY.OBJ_KEY_DESC, OBJ_KEY.OBJ_TYP_ID, OBJ_KEY.OBJ_KEY_DEF, OBJ_KEY.OBJ_KEY_CD, OBJ_KEY.CREAT_DT, OBJ_KEY.CREAT_USR_ID, OBJ_KEY.LST_UPD_USR_ID, OBJ_KEY.FLD_DELETE, OBJ_KEY.LST_DEL_DT, OBJ_KEY.S2P_TRN_DT, OBJ_KEY.LST_UPD_DT, OBJ_KEY.OBJ_KEY_CMNTS
       FROM OBJ_KEY
       WHERE obj_typ_id = 8"
ONEDATA_WA,VW_OBJ_KEY_9,"SELECT OBJ_KEY.OBJ_KEY_ID, OBJ_KEY.OBJ_KEY_DESC, OBJ_KEY.OBJ_TYP_ID, OBJ_KEY.OBJ_KEY_DEF, OBJ_KEY.OBJ_KEY_CD, OBJ_KEY.CREAT_DT, OBJ_KEY.CREAT_USR_ID, OBJ_KEY.LST_UPD_USR_ID, OBJ_KEY.FLD_DELETE, OBJ_KEY.LST_DEL_DT, OBJ_KEY.S2P_TRN_DT, OBJ_KEY.LST_UPD_DT, OBJ_KEY.OBJ_KEY_CMNTS
       FROM OBJ_KEY
       WHERE obj_typ_id = 9"
ONEDATA_WA,VW_OC_PROP,"select admin_item.item_id, admin_item.ver_nr, admin_item.item_nm, admin_item.item_long_nm,
admin_item.admin_item_typ_id,
CREAT_DT, CREAT_USR_ID, LST_UPD_USR_ID, FLD_DELETE, LST_DEL_DT, S2P_TRN_DT, LST_UPD_DT
, CNCPT_AGG.CNCPT_CD, CNCPT_AGG.CNCPT_NM from admin_item, (SELECT cai.item_id, cai.ver_nr, LISTAGG(ai.item_nm, ';')WITHIN GROUP (ORDER by cai.ITEM_ID) as CNCPT_CD , LISTAGG(ai.item_long_nm, ';') WITHIN GROUP (ORDER by cai.ITEM_ID) AS CNCPT_NM
from cncpt_admin_item cai, admin_item ai where ai.item_id = cai.cncpt_item_id and ai.ver_nr = cai.cncpt_ver_nr
group by cai.item_id, cai.ver_nr) CNCPT_AGG
where admin_item.item_id = cncpt_agg.item_id (+) and admin_item.ver_nr = cncpt_agg.ver_nr (+)
and admin_item.admin_item_typ_id in (5,6)"
ONEDATA_WA,VW_PERM_VALUES,"SELECT PERM_VAL.PERM_VAL_NM, PERM_VAL.PERM_VAL_DESC_TXT, VAL_MEAN.VAL_MEAN_DESC, VAL_MEAN.VAL_MEAN_LONG_DESC, DE.ITEM_ID, DE.VER_NR, DE.CREAT_DT, DE.CREAT_USR_ID, DE.LST_UPD_USR_ID, DE.FLD_DELETE, DE.LST_DEL_DT, DE.S2P_TRN_DT, DE.LST_UPD_DT, PERM_VAL.VAL_ID, VAL_MEAN.VAL_MEAN_DESC || ': ' || VAL_MEAN.VAL_MEAN_LONG_DESC
       FROM PERM_VAL, VAL_MEAN, VALUE_DOM, DE
       WHERE PERM_VAL.VAL_MEAN_ID = VAL_MEAN.VAL_MEAN_ID
and PERM_VAL.VAL_DOM_ITEM_ID = VALUE_DOM.ITEM_ID
and PERM_VAL.VAL_DOM_VER_NR =  VALUE_DOM.VER_NR
and VALUE_DOM.ITEM_ID = DE.VAL_DOM_ITEM_ID
and VALUE_DOM.VER_NR = DE.VAL_DOM_VER_NR"
ONEDATA_WA,VW_PERM_VAL_FOR_DE,"SELECT PERM_VAL.VAL_ID, PERM_VAL.PERM_VAL_NM, PERM_VAL.CREAT_DT, PERM_VAL.CREAT_USR_ID, PERM_VAL.LST_UPD_USR_ID, PERM_VAL.FLD_DELETE, PERM_VAL.LST_DEL_DT, PERM_VAL.S2P_TRN_DT, PERM_VAL.LST_UPD_DT, VAL_MEAN.VAL_MEAN_DESC, DE.ITEM_ID, DE.VER_NR
       FROM PERM_VAL, DE, VAL_MEAN
       WHERE DE.VAL_DOM_ITEM_ID = PERM_VAL.VAL_DOM_ITEM_ID
and DE.VAL_DOM_VER_NR = PERM_VAL.VAL_DOM_VER_NR
and PERM_VAL.VAL_MEAN_ID = VAL_MEAN.VAL_MEAN_ID"
ONEDATA_WA,VW_PERM_VAL_VAL_DOM_CONC_DOM,"select v.CONC_DOM_ITEM_ID, v.CONC_DOM_VER_NR, pv.VAL_DOM_ITEM_ID, pv.VAL_DOM_VER_NR, pv.CREAT_DT,
pv.CREAT_USR_ID, pv.FLD_DELETE,  pv.LST_DEL_DT, pv.LST_UPD_DT, pv.LST_UPD_USR_ID,
pv.S2P_TRN_DT, pv.PERM_VAL_DESC_TXT, pv.PERM_VAL_BEG_DT, pv.PERM_VAL_END_DT,  pv.PERM_VAL_NM,
pv.VAL_MEAN_ID, pv.VAL_ID, vm.VAL_MEAN_DESC, vm.VAL_MEAN_BEG_DT, vm.VAL_MEAN_END_DT
from PERM_VAL pv, VALUE_DOM v, VAL_MEAN vm
where pv.VAL_DOM_ITEM_ID =v.ITEM_ID
and pv.VAL_DOM_VER_NR = v.VER_NR
and pv.VAL_MEAN_ID = vm.VAL_MEAN_ID"
ONEDATA_WA,VW_PROP,"SELECT ADMIN_ITEM.ITEM_ID, ADMIN_ITEM.VER_NR, ADMIN_ITEM.ITEM_NM, ADMIN_ITEM.ITEM_LONG_NM, ADMIN_ITEM.ITEM_DESC,
ADMIN_ITEM.CNTXT_NM_DN, ADMIN_ITEM.CURRNT_VER_IND, ADMIN_ITEM.REGSTR_STUS_NM_DN, ADMIN_ITEM.ADMIN_STUS_NM_DN, ADMIN_ITEM.CREAT_DT,
ADMIN_ITEM.CREAT_USR_ID, ADMIN_ITEM.LST_UPD_USR_ID, ADMIN_ITEM.FLD_DELETE, ADMIN_ITEM.LST_DEL_DT, ADMIN_ITEM.S2P_TRN_DT,
ADMIN_ITEM.LST_UPD_DT, e.CNCPT_CONCAT, e.CNCPT_CONCAT_NM
FROM ADMIN_ITEM, NCI_ADMIN_ITEM_EXT e
       WHERE ADMIN_ITEM_TYP_ID = 6 and ADMIN_ITEM.ITEM_ID = e.ITEM_ID and ADMIN_ITEM.VER_NR = e.VER_NR"
ONEDATA_WA,VW_REF,"select REF_ID,
REF_NM,
ITEM_ID,
CREAT_DT,
VER_NR,
CREAT_USR_ID,
LST_UPD_USR_ID,
FLD_DELETE,
LST_DEL_DT,
S2P_TRN_DT,
LST_UPD_DT,
REF_DESC,
REF_TYP_ID,
DISP_ORD,
LANG_ID,
NCI_CNTXT_ITEM_ID,
NCI_CNTXT_VER_NR,
URL,
NCI_IDSEQ,
REF_NM || ' ' || REF_DESC  REF_SEARCH_STR
from REF"
ONEDATA_WA,VW_REGIST_AUTH,"SELECT ORG.ORG_ID, ORG.ORG_MAIL_ADR, ORG.ORG_NM, ORG.CREAT_DT, ORG.CREAT_USR_ID, ORG.LST_UPD_USR_ID, ORG.FLD_DELETE, ORG.LST_DEL_DT, ORG.S2P_TRN_DT, ORG.LST_UPD_DT, ORG.ORG_WEBSITE, ORG.ROUTE_SYM, ORG.LINE_OF_BUS, ORG.MDR_ORG_ID, ORG.RA_IND
       FROM ORG
       WHERE RA_IND = '1'"
ONEDATA_WA,VW_REGIS_STUS_RUL,"SELECT REGIST_RUL.FROM_STUS_ID, REGIST_RUL.TO_STUS_ID, REGIST_RUL.REQ_COL_DESC, REGIST_RUL.CREAT_DT, REGIST_RUL.CREAT_USR_ID, REGIST_RUL.LST_UPD_USR_ID, REGIST_RUL.FLD_DELETE, REGIST_RUL.LST_DEL_DT, REGIST_RUL.S2P_TRN_DT, REGIST_RUL.LST_UPD_DT, REGIST_RUL.REGIST_RUL_ID, REGIST_RUL.USR_GRP_ID, REGIST_RUL.STUS_TYP_ID
       FROM REGIST_RUL
       WHERE stus_typ_id = 1"
ONEDATA_WA,VW_REGSTR_STUS,"SELECT ""STUS_ID"",""STUS_NM"",""STUS_DESC"",""STUS_TYP_ID"",""CREAT_DT"",""CREAT_USR_ID"",""LST_UPD_USR_ID"",""FLD_DELETE"",""LST_DEL_DT"",""S2P_TRN_DT"",""LST_UPD_DT"",""STUS_MSK"",""STUS_ACRO"",""NCI_STUS"",""NCI_CMNTS"",""NCI_DISP_ORDR""
       FROM STUS_MSTR
       WHERE STUS_TYP_ID = 1"
ONEDATA_WA,VW_SYS_TBL_COL,"SELECT SYSTEM_APPLICATION.SYSTEM_ID, SYSTEM_APPLICATION.SYSTEM_NM, SYSTEM_APPLICATION.SYSTEM_DESC, SYSTEM_TABLES.TABLE_ID,
SYSTEM_TABLES.TABLE_NM, SYSTEM_TABLES.TABLE_DESC, SYSTEM_TABLES.CREAT_DT, SYSTEM_TABLES.CREAT_USR_ID, SYSTEM_TABLES.LST_UPD_USR_ID,
SYSTEM_TABLES.FLD_DELETE, SYSTEM_TABLES.LST_DEL_DT, SYSTEM_TABLES.S2P_TRN_DT, SYSTEM_TABLES.LST_UPD_DT,
 SYSTEM_COLUMNS.COLUMN_ID, SYSTEM_COLUMNS.COLUMN_NM, SYSTEM_COLUMNS.COLUMN_DESC,
SYSTEM_COLUMNS.COLUMN_DATATYP COLUMN_DATATYP, SYSTEM_COLUMNS.COLUMN_NULLABLE, SYSTEM_COLUMNS.COLUMN_LEN, SYSTEM_COLUMNS.COLUMN_PREC,
SYSTEM_COLUMNS.CMNTS, SYSTEM_COLUMNS.PHYS_ORD,1,SYSTEM_COLUMNS.item_id, SYSTEM_COLUMNS.ver_nr
       FROM SYSTEM_TABLES, SYSTEM_COLUMNS, SYSTEM_APPLICATION
       WHERE system_application.system_id = system_tables.system_id and system_tables.table_id = system_columns. table_id"
ONEDATA_WA,VW_VALUE_DOM,"SELECT ADMIN_ITEM.ITEM_ID, ADMIN_ITEM.VER_NR, ADMIN_ITEM.ITEM_NM, ADMIN_ITEM.ITEM_LONG_NM, ADMIN_ITEM.ITEM_DESC,
ADMIN_ITEM.CNTXT_NM_DN,  ADMIN_ITEM.REGSTR_STUS_NM_DN, ADMIN_ITEM.ADMIN_STUS_NM_DN,  VALUE_DOM.DTTYPE_ID, VALUE_DOM.VAL_DOM_MAX_CHAR, VALUE_DOM.CONC_DOM_VER_NR, VALUE_DOM.CONC_DOM_ITEM_ID,
VALUE_DOM.NON_ENUM_VAL_DOM_DESC, VALUE_DOM.UOM_ID, VALUE_DOM.VAL_DOM_TYP_ID, VALUE_DOM.VAL_DOM_MIN_CHAR, VALUE_DOM.VAL_DOM_FMT_ID,
VALUE_DOM.CHAR_SET_ID, VALUE_DOM.CREAT_DT, VALUE_DOM.CREAT_USR_ID, VALUE_DOM.LST_UPD_USR_ID,
VALUE_DOM.FLD_DELETE, VALUE_DOM.LST_DEL_DT, VALUE_DOM.S2P_TRN_DT, VALUE_DOM.LST_UPD_DT , RC.ITEM_NM  REP_TERM_ITEM_NM
FROM ADMIN_ITEM, VALUE_DOM, VW_REP_CLS RC
       WHERE ADMIN_ITEM.ADMIN_ITEM_TYP_ID = 3
AND ADMIN_ITEM.ITEM_ID = VALUE_DOM.ITEM_ID
AND ADMIN_ITEM.VER_NR=VALUE_DOM.VER_NR and
VALUE_DOM.REP_CLS_ITEM_ID = RC.ITEM_ID (+) and
VALUE_DOM.REP_CLS_VER_NR = RC.VER_NR (+)"
ONEDATA_WA,VW_VAL_DOM_2,"select CONC_DOM_ITEM_ID, CONC_DOM_VER_NR, a.ITEM_ID, a.VER_NR, a.ITEM_NM, a.CNTXT_ITEM_ID, a.CNTXT_VER_NR,
a.CREAT_DT,
a.CREAT_USR_ID,
a.LST_UPD_USR_ID,
a.FLD_DELETE,
a.LST_DEL_DT,
a.S2P_TRN_DT,
a.LST_UPD_DT from ADMIN_ITEM a, VALUE_DOM v
where a.ITEM_ID = v.ITEM_ID
and a.VER_NR = v.VER_NR"
ONEDATA_WA,VW_VAL_MEAN,"SELECT ADMIN_ITEM.ITEM_ID, ADMIN_ITEM.VER_NR, ADMIN_ITEM.ITEM_NM, ADMIN_ITEM.ITEM_LONG_NM,  ADMIN_ITEM.ITEM_DESC,
ADMIN_ITEM.CNTXT_NM_DN, ADMIN_ITEM.CURRNT_VER_IND, ADMIN_ITEM.REGSTR_STUS_NM_DN, ADMIN_ITEM.ADMIN_STUS_NM_DN, ADMIN_ITEM.CREAT_DT,
ADMIN_ITEM.CREAT_USR_ID, ADMIN_ITEM.LST_UPD_USR_ID, ADMIN_ITEM.FLD_DELETE, ADMIN_ITEM.LST_DEL_DT, ADMIN_ITEM.S2P_TRN_DT,
ADMIN_ITEM.LST_UPD_DT, ext.cncpt_concat, ext.cncpt_concat_nm, nvl(admin_item.origin_id_dn, origin) ORIGIN_NM
FROM ADMIN_ITEM, NCI_ADMIN_ITEM_EXT ext
       WHERE ADMIN_ITEM_TYP_ID = 53 and admin_item.item_id = ext.item_id and admin_item.ver_nr = ext.ver_nr"
ONEDATA_WA,VW_VAL_MEAN_CONC_DOM,"select c.CONC_DOM_ITEM_ID, c.CONC_DOM_VER_NR, c.CREAT_DT, c.CREAT_USR_ID, c.FLD_DELETE, c.LST_UPD_DT, c.LST_DEL_DT, c.S2P_TRN_DT,
v.VAL_MEAN_ID, v.VAL_MEAN_DESC, v.VAL_MEAN_LONG_DESC, v.VAL_MEAN_CMNTS
from CONC_DOM_VAL_MEAN c, VAL_MEAN v
where c.VAL_MEAN_ID = v.VAL_MEAN_ID"
ONEDATA_WA,VW_VAL_MEAN_PSV_CNSTRNT,"SELECT VALUE_DOM.ITEM_ID, VALUE_DOM.VER_NR, CONC_DOM.ITEM_ID, CONC_DOM.VER_NR, CONC_DOM_VAL_MEAN.VAL_MEAN_ID, CONC_DOM_VAL_MEAN.CREAT_DT, CONC_DOM_VAL_MEAN.CREAT_USR_ID, CONC_DOM_VAL_MEAN.LST_UPD_USR_ID, CONC_DOM_VAL_MEAN.FLD_DELETE, CONC_DOM_VAL_MEAN.LST_DEL_DT, CONC_DOM_VAL_MEAN.S2P_TRN_DT, CONC_DOM_VAL_MEAN.LST_UPD_DT
       FROM VALUE_DOM, CONC_DOM, CONC_DOM_VAL_MEAN
       WHERE VALUE_DOM.CONC_DOM_ITEM_ID = CONC_DOM.ITEM_ID
and VALUE_DOM.CONC_DOM_VER_NR = CONC_DOM.VER_NR
and CONC_DOM.ITEM_ID = CONC_DOM_VAL_MEAN.CONC_DOM_ITEM_ID
and CONC_DOM.VER_NR = CONC_DOM_VAL_MEAN.CONC_DOM_VER_NR"
